slug,feature,legacy_grade,live_grade,classification,legacy_fact_value,legacy_date
aryaka,f01_fully_managed_service,yes,yes,same_grade,yes,2026-07-29
aryaka,f02_diy_self_managed_model,partial,yes,legacy_without_field_source,,2026-07-29
aryaka,f03_co_managed_service,yes,yes,same_grade,yes,2026-07-29
aryaka,f04_multi_tenant_msp_white_label_support,partial,not_confirmed,dated_sourced_difference,partial,2026-07-29
aryaka,f05_professional_services_and_migration_support,yes,yes,same_grade,yes,2026-07-29
aryaka,f06_last_mile_circuit_management,partner_integrated,not_confirmed,legacy_without_field_source,,2026-07-29
aryaka,f07_lifecycle_management,unknown,not_confirmed,same_grade,unknown,2026-07-29
aryaka,f08_flexible_commercial_model,yes,not_confirmed,legacy_without_field_source,,2026-07-29
aryaka,f09_encrypted_overlay_fabric,yes,yes,same_grade,,2026-07-29
aryaka,f10_dynamic_path_selection,yes,not_confirmed,legacy_without_field_source,,2026-07-29
aryaka,f11_active_active_link_utilisation,yes,not_confirmed,legacy_without_field_source,,2026-07-29
aryaka,f12_application_aware_routing,yes,not_confirmed,legacy_without_field_source,,2026-07-29
aryaka,f13_qos_and_traffic_shaping,yes,not_confirmed,legacy_without_field_source,,2026-07-29
aryaka,f14_packet_loss_remediation,yes,yes,same_grade,,2026-07-29
aryaka,f15_local_internet_breakout,yes,not_confirmed,legacy_without_field_source,,2026-07-29
aryaka,f16_mpls_coexistence_and_migration,yes,yes,same_grade,,2026-07-29
aryaka,f17_cellular_and_5g_support,partial,not_confirmed,dated_sourced_difference,partial,2026-07-29
aryaka,f18_cloud_on_ramp,yes,not_confirmed,legacy_without_field_source,,2026-07-29
aryaka,f19_public_cloud_gateways,yes,not_confirmed,dated_sourced_difference,yes,2026-07-29
aryaka,f20_private_pops_dedicated_pops,unknown,not_confirmed,same_grade,unknown,2026-07-29
aryaka,f21_private_global_backbone,yes,yes,same_grade,yes,2026-07-29
aryaka,f22_regional_breakout_and_data_residency,yes,not_confirmed,legacy_without_field_source,,2026-07-29
aryaka,f23_multi_cloud_transit_fabric,yes,not_confirmed,legacy_without_field_source,,2026-07-29
aryaka,f24_flexible_edge_form_factors,yes,not_confirmed,legacy_without_field_source,,2026-07-29
aryaka,f25_high_availability_design,yes,yes,same_grade,,2026-07-29
aryaka,f26_sla_backed_service_fabric,yes,not_confirmed,dated_sourced_difference,yes,2026-07-29
aryaka,f27_integrated_next_generation_firewall,yes,not_confirmed,dated_sourced_difference,yes,2026-07-29
aryaka,f28_full_sase_platform,yes,partial,legacy_without_field_source,,2026-07-29
aryaka,f29_sse_ecosystem_integration,yes,not_confirmed,legacy_without_field_source,,2026-07-29
aryaka,f30_zero_trust_network_access,yes,not_confirmed,legacy_without_field_source,,2026-07-29
aryaka,f31_secure_web_gateway,yes,not_confirmed,legacy_without_field_source,,2026-07-29
aryaka,f32_casb_capability,partial,yes,legacy_without_field_source,,2026-07-29
aryaka,f33_data_loss_prevention,yes,yes,same_grade,yes,2026-07-29
aryaka,f34_remote_user_access,yes,not_confirmed,legacy_without_field_source,,2026-07-29
aryaka,f35_soc_siem_soar_integration,yes,yes,same_grade,,2026-07-29
aryaka,f36_centralised_orchestration,yes,not_confirmed,legacy_without_field_source,,2026-07-29
aryaka,f37_customer_portal_and_rbac,yes,not_confirmed,legacy_without_field_source,,2026-07-29
aryaka,f38_observability_and_digital_experience_monitoring,yes,not_confirmed,legacy_without_field_source,,2026-07-29
aryaka,f39_apis_and_automation,yes,not_confirmed,legacy_without_field_source,,2026-07-29
aryaka,f40_managed_service_assurance,partial,not_confirmed,dated_sourced_difference,partial,2026-07-29
att-business,f01_fully_managed_service,yes,yes,same_grade,yes,2026-07-29
att-business,f02_diy_self_managed_model,partial,not_confirmed,legacy_without_field_source,,2026-07-29
att-business,f03_co_managed_service,yes,yes,same_grade,yes,2026-07-29
att-business,f04_multi_tenant_msp_white_label_support,partial,not_confirmed,dated_sourced_difference,partial,2026-07-29
att-business,f05_professional_services_and_migration_support,yes,not_confirmed,dated_sourced_difference,yes,2026-07-29
att-business,f06_last_mile_circuit_management,yes,not_confirmed,legacy_without_field_source,,2026-07-29
att-business,f07_lifecycle_management,partial,not_confirmed,dated_sourced_difference,partial,2026-07-29
att-business,f08_flexible_commercial_model,yes,not_confirmed,legacy_without_field_source,,2026-07-29
att-business,f09_encrypted_overlay_fabric,yes,partner_integrated,legacy_without_field_source,,2026-07-29
att-business,f10_dynamic_path_selection,yes,not_confirmed,legacy_without_field_source,,2026-07-29
att-business,f11_active_active_link_utilisation,yes,not_confirmed,legacy_without_field_source,,2026-07-29
att-business,f12_application_aware_routing,yes,not_confirmed,legacy_without_field_source,,2026-07-29
att-business,f13_qos_and_traffic_shaping,yes,not_confirmed,legacy_without_field_source,,2026-07-29
att-business,f14_packet_loss_remediation,yes,not_confirmed,legacy_without_field_source,,2026-07-29
att-business,f15_local_internet_breakout,yes,not_confirmed,legacy_without_field_source,,2026-07-29
att-business,f16_mpls_coexistence_and_migration,yes,not_confirmed,legacy_without_field_source,,2026-07-29
att-business,f17_cellular_and_5g_support,yes,not_confirmed,dated_sourced_difference,yes,2026-07-29
att-business,f18_cloud_on_ramp,yes,not_confirmed,legacy_without_field_source,,2026-07-29
att-business,f19_public_cloud_gateways,partner_integrated,not_confirmed,dated_sourced_difference,partner_integrated,2026-07-29
att-business,f20_private_pops_dedicated_pops,unknown,not_confirmed,same_grade,unknown,2026-07-29
att-business,f21_private_global_backbone,yes,not_confirmed,dated_sourced_difference,yes,2026-07-29
att-business,f22_regional_breakout_and_data_residency,yes,not_confirmed,legacy_without_field_source,,2026-07-29
att-business,f23_multi_cloud_transit_fabric,yes,not_confirmed,legacy_without_field_source,,2026-07-29
att-business,f24_flexible_edge_form_factors,yes,not_confirmed,legacy_without_field_source,,2026-07-29
att-business,f25_high_availability_design,yes,not_confirmed,legacy_without_field_source,,2026-07-29
att-business,f26_sla_backed_service_fabric,partial,not_confirmed,dated_sourced_difference,partial,2026-07-29
att-business,f27_integrated_next_generation_firewall,partner_integrated,not_confirmed,dated_sourced_difference,partner_integrated,2026-07-29
att-business,f28_full_sase_platform,yes,partial,legacy_without_field_source,,2026-07-29
att-business,f29_sse_ecosystem_integration,yes,not_confirmed,legacy_without_field_source,,2026-07-29
att-business,f30_zero_trust_network_access,yes,not_confirmed,legacy_without_field_source,,2026-07-29
att-business,f31_secure_web_gateway,yes,not_confirmed,legacy_without_field_source,,2026-07-29
att-business,f32_casb_capability,yes,not_confirmed,legacy_without_field_source,,2026-07-29
att-business,f33_data_loss_prevention,partner_integrated,not_confirmed,dated_sourced_difference,partner_integrated,2026-07-29
att-business,f34_remote_user_access,yes,not_confirmed,legacy_without_field_source,,2026-07-29
att-business,f35_soc_siem_soar_integration,yes,not_confirmed,legacy_without_field_source,,2026-07-29
att-business,f36_centralised_orchestration,yes,not_confirmed,legacy_without_field_source,,2026-07-29
att-business,f37_customer_portal_and_rbac,yes,not_confirmed,legacy_without_field_source,,2026-07-29
att-business,f38_observability_and_digital_experience_monitoring,yes,not_confirmed,legacy_without_field_source,,2026-07-29
att-business,f39_apis_and_automation,partial,not_confirmed,legacy_without_field_source,,2026-07-29
att-business,f40_managed_service_assurance,partial,not_confirmed,dated_sourced_difference,partial,2026-07-29
barracuda-secureedge,f01_fully_managed_service,,not_confirmed,no_legacy_record,,
barracuda-secureedge,f02_diy_self_managed_model,,yes,no_legacy_record,,
barracuda-secureedge,f03_co_managed_service,,not_confirmed,no_legacy_record,,
barracuda-secureedge,f04_multi_tenant_msp_white_label_support,,not_confirmed,no_legacy_record,,
barracuda-secureedge,f05_professional_services_and_migration_support,,not_confirmed,no_legacy_record,,
barracuda-secureedge,f06_last_mile_circuit_management,,not_confirmed,no_legacy_record,,
barracuda-secureedge,f07_lifecycle_management,,not_confirmed,no_legacy_record,,
barracuda-secureedge,f08_flexible_commercial_model,,not_confirmed,no_legacy_record,,
barracuda-secureedge,f09_encrypted_overlay_fabric,,yes,no_legacy_record,,
barracuda-secureedge,f10_dynamic_path_selection,,not_confirmed,no_legacy_record,,
barracuda-secureedge,f11_active_active_link_utilisation,,not_confirmed,no_legacy_record,,
barracuda-secureedge,f12_application_aware_routing,,not_confirmed,no_legacy_record,,
barracuda-secureedge,f13_qos_and_traffic_shaping,,not_confirmed,no_legacy_record,,
barracuda-secureedge,f14_packet_loss_remediation,,not_confirmed,no_legacy_record,,
barracuda-secureedge,f15_local_internet_breakout,,not_confirmed,no_legacy_record,,
barracuda-secureedge,f16_mpls_coexistence_and_migration,,not_confirmed,no_legacy_record,,
barracuda-secureedge,f17_cellular_and_5g_support,,not_confirmed,no_legacy_record,,
barracuda-secureedge,f18_cloud_on_ramp,,not_confirmed,no_legacy_record,,
barracuda-secureedge,f19_public_cloud_gateways,,not_confirmed,no_legacy_record,,
barracuda-secureedge,f20_private_pops_dedicated_pops,,not_confirmed,no_legacy_record,,
barracuda-secureedge,f21_private_global_backbone,,not_confirmed,no_legacy_record,,
barracuda-secureedge,f22_regional_breakout_and_data_residency,,not_confirmed,no_legacy_record,,
barracuda-secureedge,f23_multi_cloud_transit_fabric,,not_confirmed,no_legacy_record,,
barracuda-secureedge,f24_flexible_edge_form_factors,,not_confirmed,no_legacy_record,,
barracuda-secureedge,f25_high_availability_design,,not_confirmed,no_legacy_record,,
barracuda-secureedge,f26_sla_backed_service_fabric,,not_confirmed,no_legacy_record,,
barracuda-secureedge,f27_integrated_next_generation_firewall,,not_confirmed,no_legacy_record,,
barracuda-secureedge,f28_full_sase_platform,,partial,no_legacy_record,,
barracuda-secureedge,f29_sse_ecosystem_integration,,not_confirmed,no_legacy_record,,
barracuda-secureedge,f30_zero_trust_network_access,,yes,no_legacy_record,,
barracuda-secureedge,f31_secure_web_gateway,,yes,no_legacy_record,,
barracuda-secureedge,f32_casb_capability,,not_confirmed,no_legacy_record,,
barracuda-secureedge,f33_data_loss_prevention,,not_confirmed,no_legacy_record,,
barracuda-secureedge,f34_remote_user_access,,not_confirmed,no_legacy_record,,
barracuda-secureedge,f35_soc_siem_soar_integration,,not_confirmed,no_legacy_record,,
barracuda-secureedge,f36_centralised_orchestration,,not_confirmed,no_legacy_record,,
barracuda-secureedge,f37_customer_portal_and_rbac,,not_confirmed,no_legacy_record,,
barracuda-secureedge,f38_observability_and_digital_experience_monitoring,,not_confirmed,no_legacy_record,,
barracuda-secureedge,f39_apis_and_automation,,not_confirmed,no_legacy_record,,
barracuda-secureedge,f40_managed_service_assurance,,not_confirmed,no_legacy_record,,
bt-business,f01_fully_managed_service,yes,yes,same_grade,yes,2026-07-29
bt-business,f02_diy_self_managed_model,partial,not_confirmed,legacy_without_field_source,,2026-07-29
bt-business,f03_co_managed_service,yes,yes,same_grade,yes,2026-07-29
bt-business,f04_multi_tenant_msp_white_label_support,unknown,not_confirmed,same_grade,unknown,2026-07-29
bt-business,f05_professional_services_and_migration_support,yes,yes,same_grade,yes,2026-07-29
bt-business,f06_last_mile_circuit_management,yes,not_confirmed,legacy_without_field_source,,2026-07-29
bt-business,f07_lifecycle_management,yes,not_confirmed,dated_sourced_difference,yes,2026-07-29
bt-business,f08_flexible_commercial_model,yes,not_confirmed,legacy_without_field_source,,2026-07-29
bt-business,f09_encrypted_overlay_fabric,yes,yes,same_grade,,2026-07-29
bt-business,f10_dynamic_path_selection,yes,not_confirmed,legacy_without_field_source,,2026-07-29
bt-business,f11_active_active_link_utilisation,yes,not_confirmed,legacy_without_field_source,,2026-07-29
bt-business,f12_application_aware_routing,yes,not_confirmed,legacy_without_field_source,,2026-07-29
bt-business,f13_qos_and_traffic_shaping,yes,not_confirmed,legacy_without_field_source,,2026-07-29
bt-business,f14_packet_loss_remediation,yes,not_confirmed,legacy_without_field_source,,2026-07-29
bt-business,f15_local_internet_breakout,yes,not_confirmed,legacy_without_field_source,,2026-07-29
bt-business,f16_mpls_coexistence_and_migration,yes,yes,same_grade,,2026-07-29
bt-business,f17_cellular_and_5g_support,yes,not_confirmed,dated_sourced_difference,yes,2026-07-29
bt-business,f18_cloud_on_ramp,yes,not_confirmed,legacy_without_field_source,,2026-07-29
bt-business,f19_public_cloud_gateways,partner_integrated,not_confirmed,dated_sourced_difference,partner_integrated,2026-07-29
bt-business,f20_private_pops_dedicated_pops,unknown,not_confirmed,same_grade,unknown,2026-07-29
bt-business,f21_private_global_backbone,partial,not_confirmed,dated_sourced_difference,partial,2026-07-29
bt-business,f22_regional_breakout_and_data_residency,yes,not_confirmed,legacy_without_field_source,,2026-07-29
bt-business,f23_multi_cloud_transit_fabric,yes,not_confirmed,legacy_without_field_source,,2026-07-29
bt-business,f24_flexible_edge_form_factors,yes,not_confirmed,legacy_without_field_source,,2026-07-29
bt-business,f25_high_availability_design,yes,not_confirmed,legacy_without_field_source,,2026-07-29
bt-business,f26_sla_backed_service_fabric,partial,not_confirmed,dated_sourced_difference,partial,2026-07-29
bt-business,f27_integrated_next_generation_firewall,partner_integrated,not_confirmed,dated_sourced_difference,partner_integrated,2026-07-29
bt-business,f28_full_sase_platform,yes,partial,legacy_without_field_source,,2026-07-29
bt-business,f29_sse_ecosystem_integration,yes,not_confirmed,legacy_without_field_source,,2026-07-29
bt-business,f30_zero_trust_network_access,yes,not_confirmed,legacy_without_field_source,,2026-07-29
bt-business,f31_secure_web_gateway,yes,not_confirmed,legacy_without_field_source,,2026-07-29
bt-business,f32_casb_capability,yes,not_confirmed,legacy_without_field_source,,2026-07-29
bt-business,f33_data_loss_prevention,unknown,not_confirmed,same_grade,unknown,2026-07-29
bt-business,f34_remote_user_access,yes,not_confirmed,legacy_without_field_source,,2026-07-29
bt-business,f35_soc_siem_soar_integration,yes,not_confirmed,legacy_without_field_source,,2026-07-29
bt-business,f36_centralised_orchestration,yes,not_confirmed,legacy_without_field_source,,2026-07-29
bt-business,f37_customer_portal_and_rbac,yes,not_confirmed,legacy_without_field_source,,2026-07-29
bt-business,f38_observability_and_digital_experience_monitoring,yes,not_confirmed,legacy_without_field_source,,2026-07-29
bt-business,f39_apis_and_automation,partial,not_confirmed,legacy_without_field_source,,2026-07-29
bt-business,f40_managed_service_assurance,yes,not_confirmed,dated_sourced_difference,yes,2026-07-29
cato-networks,f01_fully_managed_service,yes,not_confirmed,dated_sourced_difference,yes,2026-07-29
cato-networks,f02_diy_self_managed_model,yes,yes,same_grade,,2026-07-29
cato-networks,f03_co_managed_service,yes,not_confirmed,dated_sourced_difference,yes,2026-07-29
cato-networks,f04_multi_tenant_msp_white_label_support,partial,not_confirmed,dated_sourced_difference,partial,2026-07-29
cato-networks,f05_professional_services_and_migration_support,partial,yes,dated_sourced_difference,partial,2026-07-29
cato-networks,f06_last_mile_circuit_management,partner_integrated,not_confirmed,legacy_without_field_source,,2026-07-29
cato-networks,f07_lifecycle_management,partial,not_confirmed,dated_sourced_difference,partial,2026-07-29
cato-networks,f08_flexible_commercial_model,yes,not_confirmed,legacy_without_field_source,,2026-07-29
cato-networks,f09_encrypted_overlay_fabric,yes,yes,same_grade,,2026-07-29
cato-networks,f10_dynamic_path_selection,yes,yes,same_grade,,2026-07-29
cato-networks,f11_active_active_link_utilisation,yes,yes,same_grade,,2026-07-29
cato-networks,f12_application_aware_routing,yes,yes,same_grade,,2026-07-29
cato-networks,f13_qos_and_traffic_shaping,yes,not_confirmed,legacy_without_field_source,,2026-07-29
cato-networks,f14_packet_loss_remediation,yes,yes,same_grade,,2026-07-29
cato-networks,f15_local_internet_breakout,yes,yes,same_grade,,2026-07-29
cato-networks,f16_mpls_coexistence_and_migration,yes,yes,same_grade,,2026-07-29
cato-networks,f17_cellular_and_5g_support,yes,not_confirmed,dated_sourced_difference,yes,2026-07-29
cato-networks,f18_cloud_on_ramp,yes,yes,same_grade,,2026-07-29
cato-networks,f19_public_cloud_gateways,yes,yes,same_grade,yes,2026-07-29
cato-networks,f20_private_pops_dedicated_pops,yes,not_confirmed,dated_sourced_difference,yes,2026-07-29
cato-networks,f21_private_global_backbone,yes,not_confirmed,dated_sourced_difference,yes,2026-07-29
cato-networks,f22_regional_breakout_and_data_residency,yes,not_confirmed,legacy_without_field_source,,2026-07-29
cato-networks,f23_multi_cloud_transit_fabric,yes,yes,same_grade,,2026-07-29
cato-networks,f24_flexible_edge_form_factors,yes,not_confirmed,legacy_without_field_source,,2026-07-29
cato-networks,f25_high_availability_design,yes,yes,same_grade,,2026-07-29
cato-networks,f26_sla_backed_service_fabric,yes,not_confirmed,dated_sourced_difference,yes,2026-07-29
cato-networks,f27_integrated_next_generation_firewall,yes,yes,same_grade,yes,2026-07-29
cato-networks,f28_full_sase_platform,yes,yes,same_grade,,2026-07-29
cato-networks,f29_sse_ecosystem_integration,yes,not_confirmed,legacy_without_field_source,,2026-07-29
cato-networks,f30_zero_trust_network_access,yes,yes,same_grade,,2026-07-29
cato-networks,f31_secure_web_gateway,yes,yes,same_grade,,2026-07-29
cato-networks,f32_casb_capability,yes,yes,same_grade,,2026-07-29
cato-networks,f33_data_loss_prevention,yes,yes,same_grade,yes,2026-07-29
cato-networks,f34_remote_user_access,yes,yes,same_grade,,2026-07-29
cato-networks,f35_soc_siem_soar_integration,yes,yes,same_grade,,2026-07-29
cato-networks,f36_centralised_orchestration,yes,yes,same_grade,,2026-07-29
cato-networks,f37_customer_portal_and_rbac,yes,not_confirmed,legacy_without_field_source,,2026-07-29
cato-networks,f38_observability_and_digital_experience_monitoring,yes,yes,same_grade,,2026-07-29
cato-networks,f39_apis_and_automation,yes,not_confirmed,legacy_without_field_source,,2026-07-29
cato-networks,f40_managed_service_assurance,yes,not_confirmed,dated_sourced_difference,yes,2026-07-29
check-point,f01_fully_managed_service,partial,not_confirmed,dated_sourced_difference,partial,2026-07-29
check-point,f02_diy_self_managed_model,yes,yes,same_grade,,2026-07-29
check-point,f03_co_managed_service,yes,not_confirmed,dated_sourced_difference,yes,2026-07-29
check-point,f04_multi_tenant_msp_white_label_support,partial,not_confirmed,dated_sourced_difference,partial,2026-07-29
check-point,f05_professional_services_and_migration_support,yes,not_confirmed,dated_sourced_difference,yes,2026-07-29
check-point,f06_last_mile_circuit_management,partner_integrated,not_confirmed,legacy_without_field_source,,2026-07-29
check-point,f07_lifecycle_management,yes,not_confirmed,dated_sourced_difference,yes,2026-07-29
check-point,f08_flexible_commercial_model,yes,not_confirmed,legacy_without_field_source,,2026-07-29
check-point,f09_encrypted_overlay_fabric,partial,yes,legacy_without_field_source,,2026-07-29
check-point,f10_dynamic_path_selection,partial,not_confirmed,legacy_without_field_source,,2026-07-29
check-point,f11_active_active_link_utilisation,partial,not_confirmed,legacy_without_field_source,,2026-07-29
check-point,f12_application_aware_routing,partial,not_confirmed,legacy_without_field_source,,2026-07-29
check-point,f13_qos_and_traffic_shaping,partial,not_confirmed,legacy_without_field_source,,2026-07-29
check-point,f14_packet_loss_remediation,partial,not_confirmed,legacy_without_field_source,,2026-07-29
check-point,f15_local_internet_breakout,partial,not_confirmed,legacy_without_field_source,,2026-07-29
check-point,f16_mpls_coexistence_and_migration,partial,not_confirmed,legacy_without_field_source,,2026-07-29
check-point,f17_cellular_and_5g_support,partial,not_confirmed,dated_sourced_difference,partial,2026-07-29
check-point,f18_cloud_on_ramp,yes,not_confirmed,legacy_without_field_source,,2026-07-29
check-point,f19_public_cloud_gateways,yes,not_confirmed,dated_sourced_difference,yes,2026-07-29
check-point,f20_private_pops_dedicated_pops,unknown,not_confirmed,same_grade,unknown,2026-07-29
check-point,f21_private_global_backbone,yes,not_confirmed,dated_sourced_difference,yes,2026-07-29
check-point,f22_regional_breakout_and_data_residency,yes,not_confirmed,legacy_without_field_source,,2026-07-29
check-point,f23_multi_cloud_transit_fabric,yes,not_confirmed,legacy_without_field_source,,2026-07-29
check-point,f24_flexible_edge_form_factors,partial,not_confirmed,legacy_without_field_source,,2026-07-29
check-point,f25_high_availability_design,partial,not_confirmed,legacy_without_field_source,,2026-07-29
check-point,f26_sla_backed_service_fabric,partial,not_confirmed,dated_sourced_difference,partial,2026-07-29
check-point,f27_integrated_next_generation_firewall,yes,yes,same_grade,yes,2026-07-29
check-point,f28_full_sase_platform,yes,yes,same_grade,,2026-07-29
check-point,f29_sse_ecosystem_integration,yes,not_confirmed,legacy_without_field_source,,2026-07-29
check-point,f30_zero_trust_network_access,yes,yes,same_grade,,2026-07-29
check-point,f31_secure_web_gateway,yes,yes,same_grade,,2026-07-29
check-point,f32_casb_capability,yes,yes,same_grade,,2026-07-29
check-point,f33_data_loss_prevention,yes,not_confirmed,dated_sourced_difference,yes,2026-07-29
check-point,f34_remote_user_access,yes,yes,same_grade,,2026-07-29
check-point,f35_soc_siem_soar_integration,yes,yes,same_grade,,2026-07-29
check-point,f36_centralised_orchestration,yes,yes,same_grade,,2026-07-29
check-point,f37_customer_portal_and_rbac,yes,not_confirmed,legacy_without_field_source,,2026-07-29
check-point,f38_observability_and_digital_experience_monitoring,partial,yes,legacy_without_field_source,,2026-07-29
check-point,f39_apis_and_automation,yes,not_confirmed,legacy_without_field_source,,2026-07-29
check-point,f40_managed_service_assurance,partial,not_confirmed,dated_sourced_difference,partial,2026-07-29
cisco,f01_fully_managed_service,not_primary,not_confirmed,dated_sourced_difference,not_primary,2026-07-29
cisco,f02_diy_self_managed_model,yes,yes,same_grade,,2026-07-29
cisco,f03_co_managed_service,partial,not_confirmed,dated_sourced_difference,partial,2026-07-29
cisco,f04_multi_tenant_msp_white_label_support,yes,not_confirmed,dated_sourced_difference,yes,2026-07-29
cisco,f05_professional_services_and_migration_support,partial,yes,dated_sourced_difference,partial,2026-07-29
cisco,f06_last_mile_circuit_management,partner_integrated,not_confirmed,legacy_without_field_source,,2026-07-29
cisco,f07_lifecycle_management,yes,not_confirmed,dated_sourced_difference,yes,2026-07-29
cisco,f08_flexible_commercial_model,yes,not_confirmed,legacy_without_field_source,,2026-07-29
cisco,f09_encrypted_overlay_fabric,yes,yes,same_grade,,2026-07-29
cisco,f10_dynamic_path_selection,yes,not_primary,legacy_without_field_source,,2026-07-29
cisco,f11_active_active_link_utilisation,yes,not_confirmed,legacy_without_field_source,,2026-07-29
cisco,f12_application_aware_routing,yes,yes,same_grade,,2026-07-29
cisco,f13_qos_and_traffic_shaping,yes,yes,same_grade,,2026-07-29
cisco,f14_packet_loss_remediation,yes,yes,same_grade,,2026-07-29
cisco,f15_local_internet_breakout,yes,not_confirmed,legacy_without_field_source,,2026-07-29
cisco,f16_mpls_coexistence_and_migration,yes,yes,same_grade,,2026-07-29
cisco,f17_cellular_and_5g_support,yes,yes,same_grade,yes,2026-07-29
cisco,f18_cloud_on_ramp,yes,yes,same_grade,,2026-07-29
cisco,f19_public_cloud_gateways,yes,not_confirmed,dated_sourced_difference,yes,2026-07-29
cisco,f20_private_pops_dedicated_pops,unknown,not_confirmed,same_grade,unknown,2026-07-29
cisco,f21_private_global_backbone,partial,not_confirmed,dated_sourced_difference,partial,2026-07-29
cisco,f22_regional_breakout_and_data_residency,yes,not_confirmed,legacy_without_field_source,,2026-07-29
cisco,f23_multi_cloud_transit_fabric,yes,yes,same_grade,,2026-07-29
cisco,f24_flexible_edge_form_factors,yes,not_confirmed,legacy_without_field_source,,2026-07-29
cisco,f25_high_availability_design,yes,yes,same_grade,,2026-07-29
cisco,f26_sla_backed_service_fabric,partial,not_confirmed,dated_sourced_difference,partial,2026-07-29
cisco,f27_integrated_next_generation_firewall,yes,yes,same_grade,yes,2026-07-29
cisco,f28_full_sase_platform,yes,yes,same_grade,,2026-07-29
cisco,f29_sse_ecosystem_integration,yes,not_confirmed,legacy_without_field_source,,2026-07-29
cisco,f30_zero_trust_network_access,yes,yes,same_grade,,2026-07-29
cisco,f31_secure_web_gateway,yes,yes,same_grade,,2026-07-29
cisco,f32_casb_capability,yes,yes,same_grade,,2026-07-29
cisco,f33_data_loss_prevention,yes,yes,same_grade,yes,2026-07-29
cisco,f34_remote_user_access,yes,yes,same_grade,,2026-07-29
cisco,f35_soc_siem_soar_integration,yes,yes,same_grade,,2026-07-29
cisco,f36_centralised_orchestration,yes,not_confirmed,legacy_without_field_source,,2026-07-29
cisco,f37_customer_portal_and_rbac,yes,not_confirmed,legacy_without_field_source,,2026-07-29
cisco,f38_observability_and_digital_experience_monitoring,yes,yes,same_grade,,2026-07-29
cisco,f39_apis_and_automation,yes,not_confirmed,legacy_without_field_source,,2026-07-29
cisco,f40_managed_service_assurance,not_primary,not_confirmed,dated_sourced_difference,not_primary,2026-07-29
cloudflare-one,f01_fully_managed_service,not_primary,not_confirmed,dated_sourced_difference,not_primary,2026-07-29
cloudflare-one,f02_diy_self_managed_model,yes,yes,same_grade,,2026-07-29
cloudflare-one,f03_co_managed_service,partial,not_confirmed,dated_sourced_difference,partial,2026-07-29
cloudflare-one,f04_multi_tenant_msp_white_label_support,partial,not_confirmed,dated_sourced_difference,partial,2026-07-29
cloudflare-one,f05_professional_services_and_migration_support,yes,yes,same_grade,yes,2026-07-29
cloudflare-one,f06_last_mile_circuit_management,partner_integrated,not_confirmed,legacy_without_field_source,,2026-07-29
cloudflare-one,f07_lifecycle_management,unknown,not_confirmed,same_grade,unknown,2026-07-29
cloudflare-one,f08_flexible_commercial_model,yes,not_confirmed,legacy_without_field_source,,2026-07-29
cloudflare-one,f09_encrypted_overlay_fabric,partial,not_confirmed,legacy_without_field_source,,2026-07-29
cloudflare-one,f10_dynamic_path_selection,partial,not_confirmed,legacy_without_field_source,,2026-07-29
cloudflare-one,f11_active_active_link_utilisation,partial,not_confirmed,legacy_without_field_source,,2026-07-29
cloudflare-one,f12_application_aware_routing,partial,not_confirmed,legacy_without_field_source,,2026-07-29
cloudflare-one,f13_qos_and_traffic_shaping,partial,not_confirmed,legacy_without_field_source,,2026-07-29
cloudflare-one,f14_packet_loss_remediation,partial,not_confirmed,legacy_without_field_source,,2026-07-29
cloudflare-one,f15_local_internet_breakout,partial,yes,legacy_without_field_source,,2026-07-29
cloudflare-one,f16_mpls_coexistence_and_migration,partial,yes,legacy_without_field_source,,2026-07-29
cloudflare-one,f17_cellular_and_5g_support,unknown,not_confirmed,same_grade,unknown,2026-07-29
cloudflare-one,f18_cloud_on_ramp,yes,not_confirmed,legacy_without_field_source,,2026-07-29
cloudflare-one,f19_public_cloud_gateways,yes,not_confirmed,dated_sourced_difference,yes,2026-07-29
cloudflare-one,f20_private_pops_dedicated_pops,partial,not_confirmed,dated_sourced_difference,partial,2026-07-29
cloudflare-one,f21_private_global_backbone,yes,not_confirmed,dated_sourced_difference,yes,2026-07-29
cloudflare-one,f22_regional_breakout_and_data_residency,yes,not_confirmed,legacy_without_field_source,,2026-07-29
cloudflare-one,f23_multi_cloud_transit_fabric,yes,not_confirmed,legacy_without_field_source,,2026-07-29
cloudflare-one,f24_flexible_edge_form_factors,partial,not_confirmed,legacy_without_field_source,,2026-07-29
cloudflare-one,f25_high_availability_design,partial,not_confirmed,legacy_without_field_source,,2026-07-29
cloudflare-one,f26_sla_backed_service_fabric,yes,not_confirmed,dated_sourced_difference,yes,2026-07-29
cloudflare-one,f27_integrated_next_generation_firewall,yes,not_confirmed,dated_sourced_difference,yes,2026-07-29
cloudflare-one,f28_full_sase_platform,yes,not_confirmed,legacy_without_field_source,,2026-07-29
cloudflare-one,f29_sse_ecosystem_integration,yes,not_confirmed,legacy_without_field_source,,2026-07-29
cloudflare-one,f30_zero_trust_network_access,yes,not_confirmed,legacy_without_field_source,,2026-07-29
cloudflare-one,f31_secure_web_gateway,yes,not_confirmed,legacy_without_field_source,,2026-07-29
cloudflare-one,f32_casb_capability,yes,not_confirmed,legacy_without_field_source,,2026-07-29
cloudflare-one,f33_data_loss_prevention,yes,not_confirmed,legacy_without_field_source,,2026-07-29
cloudflare-one,f34_remote_user_access,yes,yes,same_grade,,2026-07-29
cloudflare-one,f35_soc_siem_soar_integration,yes,yes,same_grade,,2026-07-29
cloudflare-one,f36_centralised_orchestration,yes,not_confirmed,legacy_without_field_source,,2026-07-29
cloudflare-one,f37_customer_portal_and_rbac,yes,not_confirmed,legacy_without_field_source,,2026-07-29
cloudflare-one,f38_observability_and_digital_experience_monitoring,yes,not_confirmed,legacy_without_field_source,,2026-07-29
cloudflare-one,f39_apis_and_automation,yes,not_confirmed,legacy_without_field_source,,2026-07-29
cloudflare-one,f40_managed_service_assurance,partial,not_confirmed,dated_sourced_difference,partial,2026-07-29
colt-technology-services,f01_fully_managed_service,yes,yes,same_grade,yes,2026-07-29
colt-technology-services,f02_diy_self_managed_model,partial,not_confirmed,legacy_without_field_source,,2026-07-29
colt-technology-services,f03_co_managed_service,yes,not_confirmed,dated_sourced_difference,yes,2026-07-29
colt-technology-services,f04_multi_tenant_msp_white_label_support,yes,not_confirmed,dated_sourced_difference,yes,2026-07-29
colt-technology-services,f05_professional_services_and_migration_support,partial,yes,dated_sourced_difference,partial,2026-07-29
colt-technology-services,f06_last_mile_circuit_management,yes,not_confirmed,legacy_without_field_source,,2026-07-29
colt-technology-services,f07_lifecycle_management,unknown,not_confirmed,same_grade,unknown,2026-07-29
colt-technology-services,f08_flexible_commercial_model,yes,not_confirmed,legacy_without_field_source,,2026-07-29
colt-technology-services,f09_encrypted_overlay_fabric,yes,not_confirmed,legacy_without_field_source,,2026-07-29
colt-technology-services,f10_dynamic_path_selection,yes,not_confirmed,legacy_without_field_source,,2026-07-29
colt-technology-services,f11_active_active_link_utilisation,yes,not_confirmed,legacy_without_field_source,,2026-07-29
colt-technology-services,f12_application_aware_routing,yes,not_confirmed,legacy_without_field_source,,2026-07-29
colt-technology-services,f13_qos_and_traffic_shaping,yes,not_confirmed,legacy_without_field_source,,2026-07-29
colt-technology-services,f14_packet_loss_remediation,yes,not_confirmed,legacy_without_field_source,,2026-07-29
colt-technology-services,f15_local_internet_breakout,yes,not_confirmed,legacy_without_field_source,,2026-07-29
colt-technology-services,f16_mpls_coexistence_and_migration,yes,yes,same_grade,,2026-07-29
colt-technology-services,f17_cellular_and_5g_support,yes,not_confirmed,dated_sourced_difference,yes,2026-07-29
colt-technology-services,f18_cloud_on_ramp,yes,not_confirmed,legacy_without_field_source,,2026-07-29
colt-technology-services,f19_public_cloud_gateways,partial,not_confirmed,dated_sourced_difference,partial,2026-07-29
colt-technology-services,f20_private_pops_dedicated_pops,partial,not_confirmed,dated_sourced_difference,partial,2026-07-29
colt-technology-services,f21_private_global_backbone,yes,not_confirmed,legacy_without_field_source,,2026-07-29
colt-technology-services,f22_regional_breakout_and_data_residency,yes,not_confirmed,legacy_without_field_source,,2026-07-29
colt-technology-services,f23_multi_cloud_transit_fabric,yes,not_confirmed,legacy_without_field_source,,2026-07-29
colt-technology-services,f24_flexible_edge_form_factors,yes,not_confirmed,legacy_without_field_source,,2026-07-29
colt-technology-services,f25_high_availability_design,yes,not_confirmed,legacy_without_field_source,,2026-07-29
colt-technology-services,f26_sla_backed_service_fabric,yes,not_confirmed,dated_sourced_difference,yes,2026-07-29
colt-technology-services,f27_integrated_next_generation_firewall,partner_integrated,not_confirmed,dated_sourced_difference,partner_integrated,2026-07-29
colt-technology-services,f28_full_sase_platform,yes,not_confirmed,legacy_without_field_source,,2026-07-29
colt-technology-services,f29_sse_ecosystem_integration,yes,not_confirmed,legacy_without_field_source,,2026-07-29
colt-technology-services,f30_zero_trust_network_access,yes,not_confirmed,legacy_without_field_source,,2026-07-29
colt-technology-services,f31_secure_web_gateway,yes,not_confirmed,legacy_without_field_source,,2026-07-29
colt-technology-services,f32_casb_capability,partial,not_confirmed,legacy_without_field_source,,2026-07-29
colt-technology-services,f33_data_loss_prevention,unknown,not_confirmed,same_grade,unknown,2026-07-29
colt-technology-services,f34_remote_user_access,yes,not_confirmed,legacy_without_field_source,,2026-07-29
colt-technology-services,f35_soc_siem_soar_integration,yes,not_confirmed,legacy_without_field_source,,2026-07-29
colt-technology-services,f36_centralised_orchestration,yes,not_confirmed,legacy_without_field_source,,2026-07-29
colt-technology-services,f37_customer_portal_and_rbac,yes,not_confirmed,legacy_without_field_source,,2026-07-29
colt-technology-services,f38_observability_and_digital_experience_monitoring,yes,not_confirmed,legacy_without_field_source,,2026-07-29
colt-technology-services,f39_apis_and_automation,partial,not_confirmed,legacy_without_field_source,,2026-07-29
colt-technology-services,f40_managed_service_assurance,partial,not_confirmed,dated_sourced_difference,partial,2026-07-29
comcast-business,f01_fully_managed_service,yes,yes,same_grade,yes,2026-07-29
comcast-business,f02_diy_self_managed_model,partial,not_confirmed,legacy_without_field_source,,2026-07-29
comcast-business,f03_co_managed_service,yes,yes,same_grade,yes,2026-07-29
comcast-business,f04_multi_tenant_msp_white_label_support,partial,not_confirmed,dated_sourced_difference,partial,2026-07-29
comcast-business,f05_professional_services_and_migration_support,partial,not_confirmed,dated_sourced_difference,partial,2026-07-29
comcast-business,f06_last_mile_circuit_management,yes,not_confirmed,legacy_without_field_source,,2026-07-29
comcast-business,f07_lifecycle_management,partial,not_confirmed,dated_sourced_difference,partial,2026-07-29
comcast-business,f08_flexible_commercial_model,yes,not_confirmed,legacy_without_field_source,,2026-07-29
comcast-business,f09_encrypted_overlay_fabric,yes,yes,same_grade,,2026-07-29
comcast-business,f10_dynamic_path_selection,yes,not_confirmed,legacy_without_field_source,,2026-07-29
comcast-business,f11_active_active_link_utilisation,yes,not_confirmed,legacy_without_field_source,,2026-07-29
comcast-business,f12_application_aware_routing,yes,not_confirmed,legacy_without_field_source,,2026-07-29
comcast-business,f13_qos_and_traffic_shaping,yes,not_confirmed,legacy_without_field_source,,2026-07-29
comcast-business,f14_packet_loss_remediation,yes,not_confirmed,legacy_without_field_source,,2026-07-29
comcast-business,f15_local_internet_breakout,yes,not_confirmed,legacy_without_field_source,,2026-07-29
comcast-business,f16_mpls_coexistence_and_migration,yes,not_confirmed,legacy_without_field_source,,2026-07-29
comcast-business,f17_cellular_and_5g_support,partial,not_confirmed,dated_sourced_difference,partial,2026-07-29
comcast-business,f18_cloud_on_ramp,yes,not_confirmed,legacy_without_field_source,,2026-07-29
comcast-business,f19_public_cloud_gateways,partner_integrated,not_confirmed,dated_sourced_difference,partner_integrated,2026-07-29
comcast-business,f20_private_pops_dedicated_pops,unknown,not_confirmed,same_grade,unknown,2026-07-29
comcast-business,f21_private_global_backbone,partial,not_confirmed,dated_sourced_difference,partial,2026-07-29
comcast-business,f22_regional_breakout_and_data_residency,yes,not_confirmed,legacy_without_field_source,,2026-07-29
comcast-business,f23_multi_cloud_transit_fabric,yes,not_confirmed,legacy_without_field_source,,2026-07-29
comcast-business,f24_flexible_edge_form_factors,yes,not_confirmed,legacy_without_field_source,,2026-07-29
comcast-business,f25_high_availability_design,yes,not_confirmed,legacy_without_field_source,,2026-07-29
comcast-business,f26_sla_backed_service_fabric,yes,not_confirmed,dated_sourced_difference,yes,2026-07-29
comcast-business,f27_integrated_next_generation_firewall,partner_integrated,not_confirmed,dated_sourced_difference,partner_integrated,2026-07-29
comcast-business,f28_full_sase_platform,yes,partial,legacy_without_field_source,,2026-07-29
comcast-business,f29_sse_ecosystem_integration,yes,not_confirmed,legacy_without_field_source,,2026-07-29
comcast-business,f30_zero_trust_network_access,yes,not_confirmed,legacy_without_field_source,,2026-07-29
comcast-business,f31_secure_web_gateway,yes,not_confirmed,legacy_without_field_source,,2026-07-29
comcast-business,f32_casb_capability,yes,not_confirmed,legacy_without_field_source,,2026-07-29
comcast-business,f33_data_loss_prevention,partner_integrated,not_confirmed,dated_sourced_difference,partner_integrated,2026-07-29
comcast-business,f34_remote_user_access,yes,not_confirmed,legacy_without_field_source,,2026-07-29
comcast-business,f35_soc_siem_soar_integration,yes,not_confirmed,legacy_without_field_source,,2026-07-29
comcast-business,f36_centralised_orchestration,yes,not_confirmed,legacy_without_field_source,,2026-07-29
comcast-business,f37_customer_portal_and_rbac,yes,not_confirmed,legacy_without_field_source,,2026-07-29
comcast-business,f38_observability_and_digital_experience_monitoring,yes,not_confirmed,legacy_without_field_source,,2026-07-29
comcast-business,f39_apis_and_automation,partial,not_confirmed,legacy_without_field_source,,2026-07-29
comcast-business,f40_managed_service_assurance,partial,not_confirmed,dated_sourced_difference,partial,2026-07-29
cradlepoint-ericsson,f01_fully_managed_service,not_primary,yes,dated_sourced_difference,not_primary,2026-07-29
cradlepoint-ericsson,f02_diy_self_managed_model,yes,yes,same_grade,,2026-07-29
cradlepoint-ericsson,f03_co_managed_service,unknown,not_confirmed,same_grade,unknown,2026-07-29
cradlepoint-ericsson,f04_multi_tenant_msp_white_label_support,partial,not_confirmed,dated_sourced_difference,partial,2026-07-29
cradlepoint-ericsson,f05_professional_services_and_migration_support,partner_integrated,not_confirmed,dated_sourced_difference,partner_integrated,2026-07-29
cradlepoint-ericsson,f06_last_mile_circuit_management,partner_integrated,not_confirmed,legacy_without_field_source,,2026-07-29
cradlepoint-ericsson,f07_lifecycle_management,yes,not_confirmed,dated_sourced_difference,yes,2026-07-29
cradlepoint-ericsson,f08_flexible_commercial_model,yes,not_confirmed,legacy_without_field_source,,2026-07-29
cradlepoint-ericsson,f09_encrypted_overlay_fabric,yes,yes,same_grade,,2026-07-29
cradlepoint-ericsson,f10_dynamic_path_selection,yes,not_confirmed,legacy_without_field_source,,2026-07-29
cradlepoint-ericsson,f11_active_active_link_utilisation,yes,not_confirmed,legacy_without_field_source,,2026-07-29
cradlepoint-ericsson,f12_application_aware_routing,yes,not_confirmed,legacy_without_field_source,,2026-07-29
cradlepoint-ericsson,f13_qos_and_traffic_shaping,yes,not_confirmed,legacy_without_field_source,,2026-07-29
cradlepoint-ericsson,f14_packet_loss_remediation,yes,not_confirmed,legacy_without_field_source,,2026-07-29
cradlepoint-ericsson,f15_local_internet_breakout,yes,not_confirmed,legacy_without_field_source,,2026-07-29
cradlepoint-ericsson,f16_mpls_coexistence_and_migration,yes,not_confirmed,legacy_without_field_source,,2026-07-29
cradlepoint-ericsson,f17_cellular_and_5g_support,yes,not_confirmed,dated_sourced_difference,yes,2026-07-29
cradlepoint-ericsson,f18_cloud_on_ramp,partial,not_confirmed,legacy_without_field_source,,2026-07-29
cradlepoint-ericsson,f19_public_cloud_gateways,yes,not_confirmed,dated_sourced_difference,yes,2026-07-29
cradlepoint-ericsson,f20_private_pops_dedicated_pops,yes,not_confirmed,dated_sourced_difference,yes,2026-07-29
cradlepoint-ericsson,f21_private_global_backbone,unknown,not_confirmed,same_grade,unknown,2026-07-29
cradlepoint-ericsson,f22_regional_breakout_and_data_residency,yes,not_confirmed,legacy_without_field_source,,2026-07-29
cradlepoint-ericsson,f23_multi_cloud_transit_fabric,partial,not_confirmed,legacy_without_field_source,,2026-07-29
cradlepoint-ericsson,f24_flexible_edge_form_factors,yes,not_confirmed,legacy_without_field_source,,2026-07-29
cradlepoint-ericsson,f25_high_availability_design,yes,not_confirmed,legacy_without_field_source,,2026-07-29
cradlepoint-ericsson,f26_sla_backed_service_fabric,unknown,not_confirmed,same_grade,unknown,2026-07-29
cradlepoint-ericsson,f27_integrated_next_generation_firewall,yes,not_confirmed,dated_sourced_difference,yes,2026-07-29
cradlepoint-ericsson,f28_full_sase_platform,yes,partial,legacy_without_field_source,,2026-07-29
cradlepoint-ericsson,f29_sse_ecosystem_integration,partial,not_confirmed,legacy_without_field_source,,2026-07-29
cradlepoint-ericsson,f30_zero_trust_network_access,partial,yes,legacy_without_field_source,,2026-07-29
cradlepoint-ericsson,f31_secure_web_gateway,partial,not_confirmed,legacy_without_field_source,,2026-07-29
cradlepoint-ericsson,f32_casb_capability,unknown,not_confirmed,same_grade,,2026-07-29
cradlepoint-ericsson,f33_data_loss_prevention,unknown,not_confirmed,same_grade,unknown,2026-07-29
cradlepoint-ericsson,f34_remote_user_access,partial,not_confirmed,legacy_without_field_source,,2026-07-29
cradlepoint-ericsson,f35_soc_siem_soar_integration,partial,not_confirmed,legacy_without_field_source,,2026-07-29
cradlepoint-ericsson,f36_centralised_orchestration,yes,not_confirmed,legacy_without_field_source,,2026-07-29
cradlepoint-ericsson,f37_customer_portal_and_rbac,yes,not_confirmed,legacy_without_field_source,,2026-07-29
cradlepoint-ericsson,f38_observability_and_digital_experience_monitoring,yes,not_confirmed,legacy_without_field_source,,2026-07-29
cradlepoint-ericsson,f39_apis_and_automation,partial,not_confirmed,legacy_without_field_source,,2026-07-29
cradlepoint-ericsson,f40_managed_service_assurance,partial,not_confirmed,dated_sourced_difference,partial,2026-07-29
expereo,f01_fully_managed_service,,yes,no_legacy_record,,
expereo,f02_diy_self_managed_model,,not_confirmed,no_legacy_record,,
expereo,f03_co_managed_service,,yes,no_legacy_record,,
expereo,f04_multi_tenant_msp_white_label_support,,not_confirmed,no_legacy_record,,
expereo,f05_professional_services_and_migration_support,,yes,no_legacy_record,,
expereo,f06_last_mile_circuit_management,,not_confirmed,no_legacy_record,,
expereo,f07_lifecycle_management,,not_confirmed,no_legacy_record,,
expereo,f08_flexible_commercial_model,,not_confirmed,no_legacy_record,,
expereo,f09_encrypted_overlay_fabric,,partner_integrated,no_legacy_record,,
expereo,f10_dynamic_path_selection,,not_confirmed,no_legacy_record,,
expereo,f11_active_active_link_utilisation,,not_confirmed,no_legacy_record,,
expereo,f12_application_aware_routing,,not_confirmed,no_legacy_record,,
expereo,f13_qos_and_traffic_shaping,,not_confirmed,no_legacy_record,,
expereo,f14_packet_loss_remediation,,not_confirmed,no_legacy_record,,
expereo,f15_local_internet_breakout,,not_confirmed,no_legacy_record,,
expereo,f16_mpls_coexistence_and_migration,,yes,no_legacy_record,,
expereo,f17_cellular_and_5g_support,,not_confirmed,no_legacy_record,,
expereo,f18_cloud_on_ramp,,not_confirmed,no_legacy_record,,
expereo,f19_public_cloud_gateways,,not_confirmed,no_legacy_record,,
expereo,f20_private_pops_dedicated_pops,,not_confirmed,no_legacy_record,,
expereo,f21_private_global_backbone,,not_confirmed,no_legacy_record,,
expereo,f22_regional_breakout_and_data_residency,,not_confirmed,no_legacy_record,,
expereo,f23_multi_cloud_transit_fabric,,not_confirmed,no_legacy_record,,
expereo,f24_flexible_edge_form_factors,,not_confirmed,no_legacy_record,,
expereo,f25_high_availability_design,,not_confirmed,no_legacy_record,,
expereo,f26_sla_backed_service_fabric,,not_confirmed,no_legacy_record,,
expereo,f27_integrated_next_generation_firewall,,not_confirmed,no_legacy_record,,
expereo,f28_full_sase_platform,,partial,no_legacy_record,,
expereo,f29_sse_ecosystem_integration,,not_confirmed,no_legacy_record,,
expereo,f30_zero_trust_network_access,,not_confirmed,no_legacy_record,,
expereo,f31_secure_web_gateway,,not_confirmed,no_legacy_record,,
expereo,f32_casb_capability,,not_confirmed,no_legacy_record,,
expereo,f33_data_loss_prevention,,not_confirmed,no_legacy_record,,
expereo,f34_remote_user_access,,not_confirmed,no_legacy_record,,
expereo,f35_soc_siem_soar_integration,,not_confirmed,no_legacy_record,,
expereo,f36_centralised_orchestration,,yes,no_legacy_record,,
expereo,f37_customer_portal_and_rbac,,not_confirmed,no_legacy_record,,
expereo,f38_observability_and_digital_experience_monitoring,,yes,no_legacy_record,,
expereo,f39_apis_and_automation,,not_confirmed,no_legacy_record,,
expereo,f40_managed_service_assurance,,not_confirmed,no_legacy_record,,
forcepoint,f01_fully_managed_service,not_primary,not_confirmed,dated_sourced_difference,not_primary,2026-07-29
forcepoint,f02_diy_self_managed_model,yes,yes,same_grade,,2026-07-29
forcepoint,f03_co_managed_service,unknown,not_confirmed,same_grade,unknown,2026-07-29
forcepoint,f04_multi_tenant_msp_white_label_support,partial,not_confirmed,dated_sourced_difference,partial,2026-07-29
forcepoint,f05_professional_services_and_migration_support,partial,not_confirmed,dated_sourced_difference,partial,2026-07-29
forcepoint,f06_last_mile_circuit_management,partner_integrated,not_confirmed,legacy_without_field_source,,2026-07-29
forcepoint,f07_lifecycle_management,partial,not_confirmed,dated_sourced_difference,partial,2026-07-29
forcepoint,f08_flexible_commercial_model,yes,not_confirmed,legacy_without_field_source,,2026-07-29
forcepoint,f09_encrypted_overlay_fabric,yes,yes,same_grade,,2026-07-29
forcepoint,f10_dynamic_path_selection,yes,not_confirmed,legacy_without_field_source,,2026-07-29
forcepoint,f11_active_active_link_utilisation,yes,not_confirmed,legacy_without_field_source,,2026-07-29
forcepoint,f12_application_aware_routing,yes,yes,same_grade,,2026-07-29
forcepoint,f13_qos_and_traffic_shaping,yes,not_confirmed,legacy_without_field_source,,2026-07-29
forcepoint,f14_packet_loss_remediation,yes,not_confirmed,legacy_without_field_source,,2026-07-29
forcepoint,f15_local_internet_breakout,yes,not_confirmed,legacy_without_field_source,,2026-07-29
forcepoint,f16_mpls_coexistence_and_migration,yes,not_confirmed,legacy_without_field_source,,2026-07-29
forcepoint,f17_cellular_and_5g_support,yes,not_confirmed,dated_sourced_difference,yes,2026-07-29
forcepoint,f18_cloud_on_ramp,yes,not_confirmed,legacy_without_field_source,,2026-07-29
forcepoint,f19_public_cloud_gateways,partial,not_confirmed,dated_sourced_difference,partial,2026-07-29
forcepoint,f20_private_pops_dedicated_pops,unknown,not_confirmed,same_grade,unknown,2026-07-29
forcepoint,f21_private_global_backbone,unknown,not_confirmed,same_grade,unknown,2026-07-29
forcepoint,f22_regional_breakout_and_data_residency,partial,not_confirmed,legacy_without_field_source,,2026-07-29
forcepoint,f23_multi_cloud_transit_fabric,yes,not_confirmed,legacy_without_field_source,,2026-07-29
forcepoint,f24_flexible_edge_form_factors,yes,yes,same_grade,,2026-07-29
forcepoint,f25_high_availability_design,yes,not_confirmed,legacy_without_field_source,,2026-07-29
forcepoint,f26_sla_backed_service_fabric,partial,not_confirmed,dated_sourced_difference,partial,2026-07-29
forcepoint,f27_integrated_next_generation_firewall,yes,yes,same_grade,yes,2026-07-29
forcepoint,f28_full_sase_platform,partial,yes,legacy_without_field_source,,2026-07-29
forcepoint,f29_sse_ecosystem_integration,partial,not_confirmed,legacy_without_field_source,,2026-07-29
forcepoint,f30_zero_trust_network_access,yes,yes,same_grade,,2026-07-29
forcepoint,f31_secure_web_gateway,partial,yes,legacy_without_field_source,,2026-07-29
forcepoint,f32_casb_capability,partial,yes,legacy_without_field_source,,2026-07-29
forcepoint,f33_data_loss_prevention,yes,yes,same_grade,,2026-07-29
forcepoint,f34_remote_user_access,yes,not_confirmed,legacy_without_field_source,,2026-07-29
forcepoint,f35_soc_siem_soar_integration,yes,yes,same_grade,,2026-07-29
forcepoint,f36_centralised_orchestration,yes,not_confirmed,legacy_without_field_source,,2026-07-29
forcepoint,f37_customer_portal_and_rbac,yes,not_confirmed,legacy_without_field_source,,2026-07-29
forcepoint,f38_observability_and_digital_experience_monitoring,yes,not_confirmed,legacy_without_field_source,,2026-07-29
forcepoint,f39_apis_and_automation,partial,not_confirmed,legacy_without_field_source,,2026-07-29
forcepoint,f40_managed_service_assurance,unknown,not_confirmed,same_grade,unknown,2026-07-29
fortinet,f01_fully_managed_service,yes,not_confirmed,dated_sourced_difference,yes,2026-07-29
fortinet,f02_diy_self_managed_model,yes,yes,same_grade,,2026-07-29
fortinet,f03_co_managed_service,unknown,not_confirmed,same_grade,unknown,2026-07-29
fortinet,f04_multi_tenant_msp_white_label_support,partial,not_confirmed,dated_sourced_difference,partial,2026-07-29
fortinet,f05_professional_services_and_migration_support,yes,yes,same_grade,yes,2026-07-29
fortinet,f06_last_mile_circuit_management,partner_integrated,not_confirmed,legacy_without_field_source,,2026-07-29
fortinet,f07_lifecycle_management,yes,not_confirmed,dated_sourced_difference,yes,2026-07-29
fortinet,f08_flexible_commercial_model,yes,not_confirmed,legacy_without_field_source,,2026-07-29
fortinet,f09_encrypted_overlay_fabric,yes,not_confirmed,legacy_without_field_source,,2026-07-29
fortinet,f10_dynamic_path_selection,yes,not_confirmed,legacy_without_field_source,,2026-07-29
fortinet,f11_active_active_link_utilisation,yes,not_confirmed,legacy_without_field_source,,2026-07-29
fortinet,f12_application_aware_routing,yes,not_confirmed,legacy_without_field_source,,2026-07-29
fortinet,f13_qos_and_traffic_shaping,yes,not_confirmed,legacy_without_field_source,,2026-07-29
fortinet,f14_packet_loss_remediation,yes,yes,same_grade,,2026-07-29
fortinet,f15_local_internet_breakout,yes,yes,same_grade,,2026-07-29
fortinet,f16_mpls_coexistence_and_migration,yes,yes,same_grade,,2026-07-29
fortinet,f17_cellular_and_5g_support,yes,not_confirmed,dated_sourced_difference,yes,2026-07-29
fortinet,f18_cloud_on_ramp,yes,yes,same_grade,,2026-07-29
fortinet,f19_public_cloud_gateways,yes,not_confirmed,dated_sourced_difference,yes,2026-07-29
fortinet,f20_private_pops_dedicated_pops,unknown,not_confirmed,same_grade,unknown,2026-07-29
fortinet,f21_private_global_backbone,partial,not_confirmed,dated_sourced_difference,partial,2026-07-29
fortinet,f22_regional_breakout_and_data_residency,yes,not_confirmed,legacy_without_field_source,,2026-07-29
fortinet,f23_multi_cloud_transit_fabric,yes,yes,same_grade,,2026-07-29
fortinet,f24_flexible_edge_form_factors,yes,not_confirmed,legacy_without_field_source,,2026-07-29
fortinet,f25_high_availability_design,yes,yes,same_grade,,2026-07-29
fortinet,f26_sla_backed_service_fabric,yes,not_confirmed,dated_sourced_difference,yes,2026-07-29
fortinet,f27_integrated_next_generation_firewall,yes,not_confirmed,dated_sourced_difference,yes,2026-07-29
fortinet,f28_full_sase_platform,yes,partial,legacy_without_field_source,,2026-07-29
fortinet,f29_sse_ecosystem_integration,yes,not_confirmed,legacy_without_field_source,,2026-07-29
fortinet,f30_zero_trust_network_access,yes,not_confirmed,legacy_without_field_source,,2026-07-29
fortinet,f31_secure_web_gateway,yes,yes,same_grade,,2026-07-29
fortinet,f32_casb_capability,yes,yes,same_grade,,2026-07-29
fortinet,f33_data_loss_prevention,yes,not_confirmed,dated_sourced_difference,yes,2026-07-29
fortinet,f34_remote_user_access,yes,yes,same_grade,,2026-07-29
fortinet,f35_soc_siem_soar_integration,yes,yes,same_grade,,2026-07-29
fortinet,f36_centralised_orchestration,yes,yes,same_grade,,2026-07-29
fortinet,f37_customer_portal_and_rbac,yes,not_confirmed,legacy_without_field_source,,2026-07-29
fortinet,f38_observability_and_digital_experience_monitoring,yes,not_confirmed,legacy_without_field_source,,2026-07-29
fortinet,f39_apis_and_automation,yes,not_confirmed,legacy_without_field_source,,2026-07-29
fortinet,f40_managed_service_assurance,partner_integrated,not_confirmed,legacy_without_field_source,,2026-07-29
gtt,f01_fully_managed_service,yes,not_confirmed,dated_sourced_difference,yes,2026-07-29
gtt,f02_diy_self_managed_model,partial,yes,legacy_without_field_source,,2026-07-29
gtt,f03_co_managed_service,yes,yes,same_grade,yes,2026-07-29
gtt,f04_multi_tenant_msp_white_label_support,unknown,not_confirmed,same_grade,unknown,2026-07-29
gtt,f05_professional_services_and_migration_support,partial,yes,dated_sourced_difference,partial,2026-07-29
gtt,f06_last_mile_circuit_management,yes,not_confirmed,legacy_without_field_source,,2026-07-29
gtt,f07_lifecycle_management,partial,not_confirmed,dated_sourced_difference,partial,2026-07-29
gtt,f08_flexible_commercial_model,yes,not_confirmed,legacy_without_field_source,,2026-07-29
gtt,f09_encrypted_overlay_fabric,yes,not_confirmed,legacy_without_field_source,,2026-07-29
gtt,f10_dynamic_path_selection,yes,not_confirmed,legacy_without_field_source,,2026-07-29
gtt,f11_active_active_link_utilisation,yes,not_confirmed,legacy_without_field_source,,2026-07-29
gtt,f12_application_aware_routing,yes,not_confirmed,legacy_without_field_source,,2026-07-29
gtt,f13_qos_and_traffic_shaping,yes,not_confirmed,legacy_without_field_source,,2026-07-29
gtt,f14_packet_loss_remediation,yes,not_confirmed,legacy_without_field_source,,2026-07-29
gtt,f15_local_internet_breakout,yes,not_confirmed,legacy_without_field_source,,2026-07-29
gtt,f16_mpls_coexistence_and_migration,yes,yes,same_grade,,2026-07-29
gtt,f17_cellular_and_5g_support,yes,not_confirmed,dated_sourced_difference,yes,2026-07-29
gtt,f18_cloud_on_ramp,yes,not_confirmed,legacy_without_field_source,,2026-07-29
gtt,f19_public_cloud_gateways,partner_integrated,not_confirmed,dated_sourced_difference,partner_integrated,2026-07-29
gtt,f20_private_pops_dedicated_pops,partial,not_confirmed,dated_sourced_difference,partial,2026-07-29
gtt,f21_private_global_backbone,yes,not_confirmed,dated_sourced_difference,yes,2026-07-29
gtt,f22_regional_breakout_and_data_residency,yes,not_confirmed,legacy_without_field_source,,2026-07-29
gtt,f23_multi_cloud_transit_fabric,yes,not_confirmed,legacy_without_field_source,,2026-07-29
gtt,f24_flexible_edge_form_factors,yes,not_confirmed,legacy_without_field_source,,2026-07-29
gtt,f25_high_availability_design,yes,not_confirmed,legacy_without_field_source,,2026-07-29
gtt,f26_sla_backed_service_fabric,partial,not_confirmed,dated_sourced_difference,partial,2026-07-29
gtt,f27_integrated_next_generation_firewall,partner_integrated,not_confirmed,dated_sourced_difference,partner_integrated,2026-07-29
gtt,f28_full_sase_platform,yes,not_confirmed,legacy_without_field_source,,2026-07-29
gtt,f29_sse_ecosystem_integration,yes,not_confirmed,legacy_without_field_source,,2026-07-29
gtt,f30_zero_trust_network_access,partner_integrated,not_confirmed,legacy_without_field_source,,2026-07-29
gtt,f31_secure_web_gateway,partner_integrated,not_confirmed,legacy_without_field_source,,2026-07-29
gtt,f32_casb_capability,partner_integrated,not_confirmed,legacy_without_field_source,,2026-07-29
gtt,f33_data_loss_prevention,partner_integrated,not_confirmed,dated_sourced_difference,partner_integrated,2026-07-29
gtt,f34_remote_user_access,partner_integrated,not_confirmed,legacy_without_field_source,,2026-07-29
gtt,f35_soc_siem_soar_integration,partner_integrated,not_confirmed,legacy_without_field_source,,2026-07-29
gtt,f36_centralised_orchestration,yes,not_confirmed,legacy_without_field_source,,2026-07-29
gtt,f37_customer_portal_and_rbac,yes,not_confirmed,legacy_without_field_source,,2026-07-29
gtt,f38_observability_and_digital_experience_monitoring,yes,not_confirmed,legacy_without_field_source,,2026-07-29
gtt,f39_apis_and_automation,partial,not_confirmed,legacy_without_field_source,,2026-07-29
gtt,f40_managed_service_assurance,yes,not_confirmed,dated_sourced_difference,yes,2026-07-29
hpe-aruba,f01_fully_managed_service,yes,not_confirmed,dated_sourced_difference,yes,2026-07-29
hpe-aruba,f02_diy_self_managed_model,yes,yes,same_grade,,2026-07-29
hpe-aruba,f03_co_managed_service,yes,not_confirmed,dated_sourced_difference,yes,2026-07-29
hpe-aruba,f04_multi_tenant_msp_white_label_support,partial,not_confirmed,dated_sourced_difference,partial,2026-07-29
hpe-aruba,f05_professional_services_and_migration_support,yes,not_confirmed,dated_sourced_difference,yes,2026-07-29
hpe-aruba,f06_last_mile_circuit_management,partner_integrated,not_confirmed,legacy_without_field_source,,2026-07-29
hpe-aruba,f07_lifecycle_management,yes,not_confirmed,dated_sourced_difference,yes,2026-07-29
hpe-aruba,f08_flexible_commercial_model,yes,not_confirmed,legacy_without_field_source,,2026-07-29
hpe-aruba,f09_encrypted_overlay_fabric,yes,yes,same_grade,,2026-07-29
hpe-aruba,f10_dynamic_path_selection,yes,not_confirmed,legacy_without_field_source,,2026-07-29
hpe-aruba,f11_active_active_link_utilisation,yes,not_confirmed,legacy_without_field_source,,2026-07-29
hpe-aruba,f12_application_aware_routing,yes,yes,same_grade,,2026-07-29
hpe-aruba,f13_qos_and_traffic_shaping,yes,not_confirmed,legacy_without_field_source,,2026-07-29
hpe-aruba,f14_packet_loss_remediation,yes,yes,same_grade,,2026-07-29
hpe-aruba,f15_local_internet_breakout,yes,yes,same_grade,,2026-07-29
hpe-aruba,f16_mpls_coexistence_and_migration,yes,not_confirmed,legacy_without_field_source,,2026-07-29
hpe-aruba,f17_cellular_and_5g_support,yes,yes,same_grade,yes,2026-07-29
hpe-aruba,f18_cloud_on_ramp,yes,not_confirmed,legacy_without_field_source,,2026-07-29
hpe-aruba,f19_public_cloud_gateways,yes,not_confirmed,dated_sourced_difference,yes,2026-07-29
hpe-aruba,f20_private_pops_dedicated_pops,unknown,not_confirmed,same_grade,unknown,2026-07-29
hpe-aruba,f21_private_global_backbone,unknown,not_confirmed,same_grade,unknown,2026-07-29
hpe-aruba,f22_regional_breakout_and_data_residency,yes,not_confirmed,legacy_without_field_source,,2026-07-29
hpe-aruba,f23_multi_cloud_transit_fabric,yes,not_confirmed,legacy_without_field_source,,2026-07-29
hpe-aruba,f24_flexible_edge_form_factors,yes,not_confirmed,legacy_without_field_source,,2026-07-29
hpe-aruba,f25_high_availability_design,yes,not_confirmed,legacy_without_field_source,,2026-07-29
hpe-aruba,f26_sla_backed_service_fabric,partial,not_confirmed,dated_sourced_difference,partial,2026-07-29
hpe-aruba,f27_integrated_next_generation_firewall,yes,yes,same_grade,yes,2026-07-29
hpe-aruba,f28_full_sase_platform,yes,yes,same_grade,,2026-07-29
hpe-aruba,f29_sse_ecosystem_integration,yes,not_confirmed,legacy_without_field_source,,2026-07-29
hpe-aruba,f30_zero_trust_network_access,yes,yes,same_grade,,2026-07-29
hpe-aruba,f31_secure_web_gateway,yes,yes,same_grade,,2026-07-29
hpe-aruba,f32_casb_capability,yes,yes,same_grade,,2026-07-29
hpe-aruba,f33_data_loss_prevention,yes,yes,same_grade,yes,2026-07-29
hpe-aruba,f34_remote_user_access,yes,yes,same_grade,,2026-07-29
hpe-aruba,f35_soc_siem_soar_integration,yes,not_confirmed,legacy_without_field_source,,2026-07-29
hpe-aruba,f36_centralised_orchestration,yes,not_confirmed,legacy_without_field_source,,2026-07-29
hpe-aruba,f37_customer_portal_and_rbac,yes,not_confirmed,legacy_without_field_source,,2026-07-29
hpe-aruba,f38_observability_and_digital_experience_monitoring,yes,not_confirmed,legacy_without_field_source,,2026-07-29
hpe-aruba,f39_apis_and_automation,yes,not_confirmed,legacy_without_field_source,,2026-07-29
hpe-aruba,f40_managed_service_assurance,partial,not_confirmed,dated_sourced_difference,partial,2026-07-29
juniper-networks,f01_fully_managed_service,partial,not_confirmed,dated_sourced_difference,partial,2026-07-29
juniper-networks,f02_diy_self_managed_model,yes,yes,same_grade,,2026-07-29
juniper-networks,f03_co_managed_service,unknown,not_confirmed,same_grade,unknown,2026-07-29
juniper-networks,f04_multi_tenant_msp_white_label_support,partial,not_confirmed,dated_sourced_difference,partial,2026-07-29
juniper-networks,f05_professional_services_and_migration_support,yes,yes,same_grade,yes,2026-07-29
juniper-networks,f06_last_mile_circuit_management,partner_integrated,not_confirmed,legacy_without_field_source,,2026-07-29
juniper-networks,f07_lifecycle_management,partial,not_confirmed,dated_sourced_difference,partial,2026-07-29
juniper-networks,f08_flexible_commercial_model,yes,not_confirmed,legacy_without_field_source,,2026-07-29
juniper-networks,f09_encrypted_overlay_fabric,yes,yes,same_grade,,2026-07-29
juniper-networks,f10_dynamic_path_selection,yes,not_confirmed,legacy_without_field_source,,2026-07-29
juniper-networks,f11_active_active_link_utilisation,yes,not_confirmed,legacy_without_field_source,,2026-07-29
juniper-networks,f12_application_aware_routing,yes,yes,same_grade,,2026-07-29
juniper-networks,f13_qos_and_traffic_shaping,yes,not_confirmed,legacy_without_field_source,,2026-07-29
juniper-networks,f14_packet_loss_remediation,yes,not_confirmed,legacy_without_field_source,,2026-07-29
juniper-networks,f15_local_internet_breakout,yes,not_confirmed,legacy_without_field_source,,2026-07-29
juniper-networks,f16_mpls_coexistence_and_migration,yes,yes,same_grade,,2026-07-29
juniper-networks,f17_cellular_and_5g_support,partial,yes,dated_sourced_difference,partial,2026-07-29
juniper-networks,f18_cloud_on_ramp,partial,not_confirmed,legacy_without_field_source,,2026-07-29
juniper-networks,f19_public_cloud_gateways,partial,not_confirmed,dated_sourced_difference,partial,2026-07-29
juniper-networks,f20_private_pops_dedicated_pops,unknown,not_confirmed,same_grade,unknown,2026-07-29
juniper-networks,f21_private_global_backbone,unknown,not_confirmed,same_grade,unknown,2026-07-29
juniper-networks,f22_regional_breakout_and_data_residency,partial,not_confirmed,legacy_without_field_source,,2026-07-29
juniper-networks,f23_multi_cloud_transit_fabric,partial,not_confirmed,legacy_without_field_source,,2026-07-29
juniper-networks,f24_flexible_edge_form_factors,yes,not_confirmed,legacy_without_field_source,,2026-07-29
juniper-networks,f25_high_availability_design,yes,not_confirmed,legacy_without_field_source,,2026-07-29
juniper-networks,f26_sla_backed_service_fabric,unknown,not_confirmed,same_grade,unknown,2026-07-29
juniper-networks,f27_integrated_next_generation_firewall,yes,not_confirmed,legacy_without_field_source,,2026-07-29
juniper-networks,f28_full_sase_platform,partial,partial,same_grade,,2026-07-29
juniper-networks,f29_sse_ecosystem_integration,partial,not_confirmed,legacy_without_field_source,,2026-07-29
juniper-networks,f30_zero_trust_network_access,partial,not_confirmed,legacy_without_field_source,,2026-07-29
juniper-networks,f31_secure_web_gateway,partial,yes,legacy_without_field_source,,2026-07-29
juniper-networks,f32_casb_capability,partial,not_confirmed,legacy_without_field_source,,2026-07-29
juniper-networks,f33_data_loss_prevention,unknown,not_confirmed,same_grade,unknown,2026-07-29
juniper-networks,f34_remote_user_access,partial,not_confirmed,legacy_without_field_source,,2026-07-29
juniper-networks,f35_soc_siem_soar_integration,yes,not_confirmed,legacy_without_field_source,,2026-07-29
juniper-networks,f36_centralised_orchestration,yes,not_confirmed,legacy_without_field_source,,2026-07-29
juniper-networks,f37_customer_portal_and_rbac,yes,not_confirmed,legacy_without_field_source,,2026-07-29
juniper-networks,f38_observability_and_digital_experience_monitoring,yes,yes,same_grade,,2026-07-29
juniper-networks,f39_apis_and_automation,yes,not_confirmed,legacy_without_field_source,,2026-07-29
juniper-networks,f40_managed_service_assurance,unknown,not_confirmed,same_grade,unknown,2026-07-29
lumen,f01_fully_managed_service,yes,yes,same_grade,yes,2026-07-29
lumen,f02_diy_self_managed_model,partial,yes,legacy_without_field_source,,2026-07-29
lumen,f03_co_managed_service,yes,yes,same_grade,yes,2026-07-29
lumen,f04_multi_tenant_msp_white_label_support,unknown,not_confirmed,same_grade,unknown,2026-07-29
lumen,f05_professional_services_and_migration_support,yes,yes,same_grade,yes,2026-07-29
lumen,f06_last_mile_circuit_management,yes,not_confirmed,legacy_without_field_source,,2026-07-29
lumen,f07_lifecycle_management,yes,not_confirmed,dated_sourced_difference,yes,2026-07-29
lumen,f08_flexible_commercial_model,yes,not_confirmed,legacy_without_field_source,,2026-07-29
lumen,f09_encrypted_overlay_fabric,yes,yes,same_grade,,2026-07-29
lumen,f10_dynamic_path_selection,yes,not_confirmed,legacy_without_field_source,,2026-07-29
lumen,f11_active_active_link_utilisation,yes,not_confirmed,legacy_without_field_source,,2026-07-29
lumen,f12_application_aware_routing,yes,not_confirmed,legacy_without_field_source,,2026-07-29
lumen,f13_qos_and_traffic_shaping,yes,not_confirmed,legacy_without_field_source,,2026-07-29
lumen,f14_packet_loss_remediation,yes,not_confirmed,legacy_without_field_source,,2026-07-29
lumen,f15_local_internet_breakout,yes,not_confirmed,legacy_without_field_source,,2026-07-29
lumen,f16_mpls_coexistence_and_migration,yes,yes,same_grade,,2026-07-29
lumen,f17_cellular_and_5g_support,partial,not_confirmed,dated_sourced_difference,partial,2026-07-29
lumen,f18_cloud_on_ramp,yes,not_confirmed,legacy_without_field_source,,2026-07-29
lumen,f19_public_cloud_gateways,yes,not_confirmed,dated_sourced_difference,yes,2026-07-29
lumen,f20_private_pops_dedicated_pops,yes,not_confirmed,dated_sourced_difference,yes,2026-07-29
lumen,f21_private_global_backbone,yes,not_confirmed,dated_sourced_difference,yes,2026-07-29
lumen,f22_regional_breakout_and_data_residency,partner_integrated,not_confirmed,legacy_without_field_source,,2026-07-29
lumen,f23_multi_cloud_transit_fabric,yes,not_confirmed,legacy_without_field_source,,2026-07-29
lumen,f24_flexible_edge_form_factors,yes,not_confirmed,legacy_without_field_source,,2026-07-29
lumen,f25_high_availability_design,yes,not_confirmed,legacy_without_field_source,,2026-07-29
lumen,f26_sla_backed_service_fabric,yes,not_confirmed,dated_sourced_difference,yes,2026-07-29
lumen,f27_integrated_next_generation_firewall,partner_integrated,not_confirmed,dated_sourced_difference,partner_integrated,2026-07-29
lumen,f28_full_sase_platform,partner_integrated,partial,legacy_without_field_source,,2026-07-29
lumen,f29_sse_ecosystem_integration,partner_integrated,not_confirmed,legacy_without_field_source,,2026-07-29
lumen,f30_zero_trust_network_access,partner_integrated,not_confirmed,legacy_without_field_source,,2026-07-29
lumen,f31_secure_web_gateway,partner_integrated,not_confirmed,legacy_without_field_source,,2026-07-29
lumen,f32_casb_capability,partner_integrated,not_confirmed,legacy_without_field_source,,2026-07-29
lumen,f33_data_loss_prevention,partner_integrated,not_confirmed,dated_sourced_difference,partner_integrated,2026-07-29
lumen,f34_remote_user_access,partner_integrated,not_confirmed,legacy_without_field_source,,2026-07-29
lumen,f35_soc_siem_soar_integration,partner_integrated,yes,legacy_without_field_source,,2026-07-29
lumen,f36_centralised_orchestration,yes,yes,same_grade,,2026-07-29
lumen,f37_customer_portal_and_rbac,yes,not_confirmed,legacy_without_field_source,,2026-07-29
lumen,f38_observability_and_digital_experience_monitoring,yes,not_confirmed,legacy_without_field_source,,2026-07-29
lumen,f39_apis_and_automation,partial,not_confirmed,legacy_without_field_source,,2026-07-29
lumen,f40_managed_service_assurance,partial,not_confirmed,dated_sourced_difference,partial,2026-07-29
netskope,f01_fully_managed_service,managed_service_dependent,not_confirmed,dated_sourced_difference,managed_service_dependent,2026-07-29
netskope,f02_diy_self_managed_model,yes,yes,same_grade,,2026-07-29
netskope,f03_co_managed_service,managed_service_dependent,not_confirmed,dated_sourced_difference,managed_service_dependent,2026-07-29
netskope,f04_multi_tenant_msp_white_label_support,partial,not_confirmed,dated_sourced_difference,partial,2026-07-29
netskope,f05_professional_services_and_migration_support,yes,yes,same_grade,yes,2026-07-29
netskope,f06_last_mile_circuit_management,partner_integrated,not_confirmed,legacy_without_field_source,,2026-07-29
netskope,f07_lifecycle_management,partial,not_confirmed,dated_sourced_difference,partial,2026-07-29
netskope,f08_flexible_commercial_model,yes,not_confirmed,legacy_without_field_source,,2026-07-29
netskope,f09_encrypted_overlay_fabric,partial,yes,legacy_without_field_source,,2026-07-29
netskope,f10_dynamic_path_selection,partial,yes,legacy_without_field_source,,2026-07-29
netskope,f11_active_active_link_utilisation,partial,not_confirmed,legacy_without_field_source,,2026-07-29
netskope,f12_application_aware_routing,partial,yes,legacy_without_field_source,,2026-07-29
netskope,f13_qos_and_traffic_shaping,partial,yes,legacy_without_field_source,,2026-07-29
netskope,f14_packet_loss_remediation,partial,yes,legacy_without_field_source,,2026-07-29
netskope,f15_local_internet_breakout,partial,yes,legacy_without_field_source,,2026-07-29
netskope,f16_mpls_coexistence_and_migration,partial,yes,legacy_without_field_source,,2026-07-29
netskope,f17_cellular_and_5g_support,yes,not_confirmed,dated_sourced_difference,yes,2026-07-29
netskope,f18_cloud_on_ramp,yes,yes,same_grade,,2026-07-29
netskope,f19_public_cloud_gateways,yes,yes,same_grade,yes,2026-07-29
netskope,f20_private_pops_dedicated_pops,yes,not_confirmed,dated_sourced_difference,yes,2026-07-29
netskope,f21_private_global_backbone,unknown,not_confirmed,same_grade,unknown,2026-07-29
netskope,f22_regional_breakout_and_data_residency,yes,not_confirmed,legacy_without_field_source,,2026-07-29
netskope,f23_multi_cloud_transit_fabric,yes,yes,same_grade,,2026-07-29
netskope,f24_flexible_edge_form_factors,partial,not_confirmed,legacy_without_field_source,,2026-07-29
netskope,f25_high_availability_design,partial,yes,legacy_without_field_source,,2026-07-29
netskope,f26_sla_backed_service_fabric,yes,not_confirmed,dated_sourced_difference,yes,2026-07-29
netskope,f27_integrated_next_generation_firewall,yes,yes,same_grade,yes,2026-07-29
netskope,f28_full_sase_platform,yes,yes,same_grade,,2026-07-29
netskope,f29_sse_ecosystem_integration,yes,not_confirmed,legacy_without_field_source,,2026-07-29
netskope,f30_zero_trust_network_access,yes,yes,same_grade,,2026-07-29
netskope,f31_secure_web_gateway,yes,yes,same_grade,,2026-07-29
netskope,f32_casb_capability,yes,yes,same_grade,,2026-07-29
netskope,f33_data_loss_prevention,yes,yes,same_grade,yes,2026-07-29
netskope,f34_remote_user_access,yes,yes,same_grade,,2026-07-29
netskope,f35_soc_siem_soar_integration,yes,yes,same_grade,,2026-07-29
netskope,f36_centralised_orchestration,yes,not_confirmed,legacy_without_field_source,,2026-07-29
netskope,f37_customer_portal_and_rbac,yes,not_confirmed,legacy_without_field_source,,2026-07-29
netskope,f38_observability_and_digital_experience_monitoring,yes,not_confirmed,legacy_without_field_source,,2026-07-29
netskope,f39_apis_and_automation,yes,not_confirmed,legacy_without_field_source,,2026-07-29
netskope,f40_managed_service_assurance,partial,not_confirmed,dated_sourced_difference,partial,2026-07-29
ntt,f01_fully_managed_service,yes,yes,same_grade,yes,2026-07-29
ntt,f02_diy_self_managed_model,partial,not_confirmed,legacy_without_field_source,,2026-07-29
ntt,f03_co_managed_service,partial,not_confirmed,dated_sourced_difference,partial,2026-07-29
ntt,f04_multi_tenant_msp_white_label_support,unknown,not_confirmed,same_grade,unknown,2026-07-29
ntt,f05_professional_services_and_migration_support,yes,not_confirmed,dated_sourced_difference,yes,2026-07-29
ntt,f06_last_mile_circuit_management,yes,not_confirmed,legacy_without_field_source,,2026-07-29
ntt,f07_lifecycle_management,yes,not_confirmed,dated_sourced_difference,yes,2026-07-29
ntt,f08_flexible_commercial_model,yes,not_confirmed,legacy_without_field_source,,2026-07-29
ntt,f09_encrypted_overlay_fabric,yes,not_confirmed,legacy_without_field_source,,2026-07-29
ntt,f10_dynamic_path_selection,yes,not_confirmed,legacy_without_field_source,,2026-07-29
ntt,f11_active_active_link_utilisation,yes,not_confirmed,legacy_without_field_source,,2026-07-29
ntt,f12_application_aware_routing,yes,not_confirmed,legacy_without_field_source,,2026-07-29
ntt,f13_qos_and_traffic_shaping,yes,not_confirmed,legacy_without_field_source,,2026-07-29
ntt,f14_packet_loss_remediation,yes,yes,same_grade,,2026-07-29
ntt,f15_local_internet_breakout,yes,not_confirmed,legacy_without_field_source,,2026-07-29
ntt,f16_mpls_coexistence_and_migration,yes,not_confirmed,legacy_without_field_source,,2026-07-29
ntt,f17_cellular_and_5g_support,partial,not_confirmed,dated_sourced_difference,partial,2026-07-29
ntt,f18_cloud_on_ramp,yes,not_confirmed,legacy_without_field_source,,2026-07-29
ntt,f19_public_cloud_gateways,yes,not_confirmed,dated_sourced_difference,yes,2026-07-29
ntt,f20_private_pops_dedicated_pops,unknown,not_confirmed,same_grade,unknown,2026-07-29
ntt,f21_private_global_backbone,yes,not_confirmed,dated_sourced_difference,yes,2026-07-29
ntt,f22_regional_breakout_and_data_residency,yes,not_confirmed,legacy_without_field_source,,2026-07-29
ntt,f23_multi_cloud_transit_fabric,yes,not_confirmed,legacy_without_field_source,,2026-07-29
ntt,f24_flexible_edge_form_factors,yes,not_confirmed,legacy_without_field_source,,2026-07-29
ntt,f25_high_availability_design,yes,yes,same_grade,,2026-07-29
ntt,f26_sla_backed_service_fabric,yes,not_confirmed,dated_sourced_difference,yes,2026-07-29
ntt,f27_integrated_next_generation_firewall,partner_integrated,not_confirmed,dated_sourced_difference,partner_integrated,2026-07-29
ntt,f28_full_sase_platform,yes,not_confirmed,legacy_without_field_source,,2026-07-29
ntt,f29_sse_ecosystem_integration,yes,not_confirmed,legacy_without_field_source,,2026-07-29
ntt,f30_zero_trust_network_access,yes,not_confirmed,legacy_without_field_source,,2026-07-29
ntt,f31_secure_web_gateway,yes,not_confirmed,legacy_without_field_source,,2026-07-29
ntt,f32_casb_capability,yes,not_confirmed,legacy_without_field_source,,2026-07-29
ntt,f33_data_loss_prevention,unknown,not_confirmed,same_grade,unknown,2026-07-29
ntt,f34_remote_user_access,yes,not_confirmed,legacy_without_field_source,,2026-07-29
ntt,f35_soc_siem_soar_integration,yes,not_confirmed,legacy_without_field_source,,2026-07-29
ntt,f36_centralised_orchestration,yes,not_confirmed,legacy_without_field_source,,2026-07-29
ntt,f37_customer_portal_and_rbac,yes,not_confirmed,legacy_without_field_source,,2026-07-29
ntt,f38_observability_and_digital_experience_monitoring,yes,not_confirmed,legacy_without_field_source,,2026-07-29
ntt,f39_apis_and_automation,partial,not_confirmed,legacy_without_field_source,,2026-07-29
ntt,f40_managed_service_assurance,yes,not_confirmed,dated_sourced_difference,yes,2026-07-29
opensystems,f01_fully_managed_service,,yes,no_legacy_record,,
opensystems,f02_diy_self_managed_model,,yes,no_legacy_record,,
opensystems,f03_co_managed_service,,yes,no_legacy_record,,
opensystems,f04_multi_tenant_msp_white_label_support,,not_confirmed,no_legacy_record,,
opensystems,f05_professional_services_and_migration_support,,yes,no_legacy_record,,
opensystems,f06_last_mile_circuit_management,,not_confirmed,no_legacy_record,,
opensystems,f07_lifecycle_management,,not_confirmed,no_legacy_record,,
opensystems,f08_flexible_commercial_model,,not_confirmed,no_legacy_record,,
opensystems,f09_encrypted_overlay_fabric,,yes,no_legacy_record,,
opensystems,f10_dynamic_path_selection,,not_confirmed,no_legacy_record,,
opensystems,f11_active_active_link_utilisation,,not_confirmed,no_legacy_record,,
opensystems,f12_application_aware_routing,,not_confirmed,no_legacy_record,,
opensystems,f13_qos_and_traffic_shaping,,not_confirmed,no_legacy_record,,
opensystems,f14_packet_loss_remediation,,not_confirmed,no_legacy_record,,
opensystems,f15_local_internet_breakout,,not_confirmed,no_legacy_record,,
opensystems,f16_mpls_coexistence_and_migration,,yes,no_legacy_record,,
opensystems,f17_cellular_and_5g_support,,not_confirmed,no_legacy_record,,
opensystems,f18_cloud_on_ramp,,not_confirmed,no_legacy_record,,
opensystems,f19_public_cloud_gateways,,not_confirmed,no_legacy_record,,
opensystems,f20_private_pops_dedicated_pops,,not_confirmed,no_legacy_record,,
opensystems,f21_private_global_backbone,,not_confirmed,no_legacy_record,,
opensystems,f22_regional_breakout_and_data_residency,,not_confirmed,no_legacy_record,,
opensystems,f23_multi_cloud_transit_fabric,,not_confirmed,no_legacy_record,,
opensystems,f24_flexible_edge_form_factors,,not_confirmed,no_legacy_record,,
opensystems,f25_high_availability_design,,not_confirmed,no_legacy_record,,
opensystems,f26_sla_backed_service_fabric,,not_confirmed,no_legacy_record,,
opensystems,f27_integrated_next_generation_firewall,,not_confirmed,no_legacy_record,,
opensystems,f28_full_sase_platform,,partial,no_legacy_record,,
opensystems,f29_sse_ecosystem_integration,,not_confirmed,no_legacy_record,,
opensystems,f30_zero_trust_network_access,,not_confirmed,no_legacy_record,,
opensystems,f31_secure_web_gateway,,not_confirmed,no_legacy_record,,
opensystems,f32_casb_capability,,not_confirmed,no_legacy_record,,
opensystems,f33_data_loss_prevention,,not_confirmed,no_legacy_record,,
opensystems,f34_remote_user_access,,not_confirmed,no_legacy_record,,
opensystems,f35_soc_siem_soar_integration,,not_confirmed,no_legacy_record,,
opensystems,f36_centralised_orchestration,,not_confirmed,no_legacy_record,,
opensystems,f37_customer_portal_and_rbac,,not_confirmed,no_legacy_record,,
opensystems,f38_observability_and_digital_experience_monitoring,,not_confirmed,no_legacy_record,,
opensystems,f39_apis_and_automation,,not_confirmed,no_legacy_record,,
opensystems,f40_managed_service_assurance,,not_confirmed,no_legacy_record,,
orange-business,f01_fully_managed_service,yes,yes,same_grade,yes,2026-07-29
orange-business,f02_diy_self_managed_model,partial,not_confirmed,legacy_without_field_source,,2026-07-29
orange-business,f03_co_managed_service,partial,yes,dated_sourced_difference,partial,2026-07-29
orange-business,f04_multi_tenant_msp_white_label_support,unknown,not_confirmed,same_grade,unknown,2026-07-29
orange-business,f05_professional_services_and_migration_support,yes,yes,same_grade,yes,2026-07-29
orange-business,f06_last_mile_circuit_management,yes,not_confirmed,legacy_without_field_source,,2026-07-29
orange-business,f07_lifecycle_management,partial,not_confirmed,dated_sourced_difference,partial,2026-07-29
orange-business,f08_flexible_commercial_model,yes,not_confirmed,legacy_without_field_source,,2026-07-29
orange-business,f09_encrypted_overlay_fabric,yes,yes,same_grade,,2026-07-29
orange-business,f10_dynamic_path_selection,yes,not_confirmed,legacy_without_field_source,,2026-07-29
orange-business,f11_active_active_link_utilisation,yes,not_confirmed,legacy_without_field_source,,2026-07-29
orange-business,f12_application_aware_routing,yes,not_confirmed,legacy_without_field_source,,2026-07-29
orange-business,f13_qos_and_traffic_shaping,yes,not_confirmed,legacy_without_field_source,,2026-07-29
orange-business,f14_packet_loss_remediation,yes,not_confirmed,legacy_without_field_source,,2026-07-29
orange-business,f15_local_internet_breakout,yes,not_confirmed,legacy_without_field_source,,2026-07-29
orange-business,f16_mpls_coexistence_and_migration,yes,yes,same_grade,,2026-07-29
orange-business,f17_cellular_and_5g_support,unknown,not_confirmed,same_grade,unknown,2026-07-29
orange-business,f18_cloud_on_ramp,yes,not_confirmed,legacy_without_field_source,,2026-07-29
orange-business,f19_public_cloud_gateways,yes,not_confirmed,dated_sourced_difference,yes,2026-07-29
orange-business,f20_private_pops_dedicated_pops,unknown,not_confirmed,same_grade,unknown,2026-07-29
orange-business,f21_private_global_backbone,yes,not_confirmed,dated_sourced_difference,yes,2026-07-29
orange-business,f22_regional_breakout_and_data_residency,yes,not_confirmed,legacy_without_field_source,,2026-07-29
orange-business,f23_multi_cloud_transit_fabric,yes,not_confirmed,legacy_without_field_source,,2026-07-29
orange-business,f24_flexible_edge_form_factors,yes,not_confirmed,legacy_without_field_source,,2026-07-29
orange-business,f25_high_availability_design,yes,not_confirmed,legacy_without_field_source,,2026-07-29
orange-business,f26_sla_backed_service_fabric,yes,not_confirmed,dated_sourced_difference,yes,2026-07-29
orange-business,f27_integrated_next_generation_firewall,partner_integrated,not_confirmed,dated_sourced_difference,partner_integrated,2026-07-29
orange-business,f28_full_sase_platform,yes,partial,legacy_without_field_source,,2026-07-29
orange-business,f29_sse_ecosystem_integration,yes,not_confirmed,legacy_without_field_source,,2026-07-29
orange-business,f30_zero_trust_network_access,yes,not_confirmed,legacy_without_field_source,,2026-07-29
orange-business,f31_secure_web_gateway,yes,not_confirmed,legacy_without_field_source,,2026-07-29
orange-business,f32_casb_capability,yes,not_confirmed,legacy_without_field_source,,2026-07-29
orange-business,f33_data_loss_prevention,unknown,not_confirmed,same_grade,unknown,2026-07-29
orange-business,f34_remote_user_access,yes,not_confirmed,legacy_without_field_source,,2026-07-29
orange-business,f35_soc_siem_soar_integration,yes,yes,same_grade,,2026-07-29
orange-business,f36_centralised_orchestration,yes,not_confirmed,legacy_without_field_source,,2026-07-29
orange-business,f37_customer_portal_and_rbac,yes,not_confirmed,legacy_without_field_source,,2026-07-29
orange-business,f38_observability_and_digital_experience_monitoring,yes,not_confirmed,legacy_without_field_source,,2026-07-29
orange-business,f39_apis_and_automation,partial,not_confirmed,legacy_without_field_source,,2026-07-29
orange-business,f40_managed_service_assurance,yes,not_confirmed,dated_sourced_difference,yes,2026-07-29
palo-alto-networks,f01_fully_managed_service,managed_service_dependent,not_confirmed,dated_sourced_difference,managed_service_dependent,2026-07-29
palo-alto-networks,f02_diy_self_managed_model,yes,yes,same_grade,,2026-07-29
palo-alto-networks,f03_co_managed_service,managed_service_dependent,not_confirmed,dated_sourced_difference,managed_service_dependent,2026-07-29
palo-alto-networks,f04_multi_tenant_msp_white_label_support,partial,not_confirmed,dated_sourced_difference,partial,2026-07-29
palo-alto-networks,f05_professional_services_and_migration_support,partner_integrated,not_confirmed,legacy_without_field_source,,2026-07-29
palo-alto-networks,f06_last_mile_circuit_management,partner_integrated,not_confirmed,legacy_without_field_source,,2026-07-29
palo-alto-networks,f07_lifecycle_management,partial,not_confirmed,dated_sourced_difference,partial,2026-07-29
palo-alto-networks,f08_flexible_commercial_model,yes,not_confirmed,legacy_without_field_source,,2026-07-29
palo-alto-networks,f09_encrypted_overlay_fabric,yes,yes,same_grade,,2026-07-29
palo-alto-networks,f10_dynamic_path_selection,yes,yes,same_grade,,2026-07-29
palo-alto-networks,f11_active_active_link_utilisation,yes,not_confirmed,legacy_without_field_source,,2026-07-29
palo-alto-networks,f12_application_aware_routing,yes,yes,same_grade,,2026-07-29
palo-alto-networks,f13_qos_and_traffic_shaping,yes,yes,same_grade,,2026-07-29
palo-alto-networks,f14_packet_loss_remediation,yes,yes,same_grade,,2026-07-29
palo-alto-networks,f15_local_internet_breakout,yes,yes,same_grade,,2026-07-29
palo-alto-networks,f16_mpls_coexistence_and_migration,yes,not_confirmed,legacy_without_field_source,,2026-07-29
palo-alto-networks,f17_cellular_and_5g_support,yes,yes,same_grade,yes,2026-07-29
palo-alto-networks,f18_cloud_on_ramp,yes,yes,same_grade,,2026-07-29
palo-alto-networks,f19_public_cloud_gateways,yes,not_confirmed,dated_sourced_difference,yes,2026-07-29
palo-alto-networks,f20_private_pops_dedicated_pops,yes,not_confirmed,dated_sourced_difference,yes,2026-07-29
palo-alto-networks,f21_private_global_backbone,partner_integrated,not_confirmed,dated_sourced_difference,partner_integrated,2026-07-29
palo-alto-networks,f22_regional_breakout_and_data_residency,yes,not_confirmed,legacy_without_field_source,,2026-07-29
palo-alto-networks,f23_multi_cloud_transit_fabric,yes,yes,same_grade,,2026-07-29
palo-alto-networks,f24_flexible_edge_form_factors,yes,not_confirmed,legacy_without_field_source,,2026-07-29
palo-alto-networks,f25_high_availability_design,yes,not_confirmed,legacy_without_field_source,,2026-07-29
palo-alto-networks,f26_sla_backed_service_fabric,yes,not_confirmed,dated_sourced_difference,yes,2026-07-29
palo-alto-networks,f27_integrated_next_generation_firewall,yes,yes,same_grade,yes,2026-07-29
palo-alto-networks,f28_full_sase_platform,yes,yes,same_grade,,2026-07-29
palo-alto-networks,f29_sse_ecosystem_integration,yes,not_confirmed,legacy_without_field_source,,2026-07-29
palo-alto-networks,f30_zero_trust_network_access,yes,yes,same_grade,,2026-07-29
palo-alto-networks,f31_secure_web_gateway,yes,yes,same_grade,,2026-07-29
palo-alto-networks,f32_casb_capability,yes,yes,same_grade,,2026-07-29
palo-alto-networks,f33_data_loss_prevention,yes,yes,same_grade,yes,2026-07-29
palo-alto-networks,f34_remote_user_access,yes,yes,same_grade,,2026-07-29
palo-alto-networks,f35_soc_siem_soar_integration,yes,yes,same_grade,,2026-07-29
palo-alto-networks,f36_centralised_orchestration,yes,not_confirmed,legacy_without_field_source,,2026-07-29
palo-alto-networks,f37_customer_portal_and_rbac,yes,not_confirmed,legacy_without_field_source,,2026-07-29
palo-alto-networks,f38_observability_and_digital_experience_monitoring,yes,yes,same_grade,,2026-07-29
palo-alto-networks,f39_apis_and_automation,yes,not_confirmed,legacy_without_field_source,,2026-07-29
palo-alto-networks,f40_managed_service_assurance,unknown,not_confirmed,same_grade,unknown,2026-07-29
sonicwall,f01_fully_managed_service,partial,not_confirmed,dated_sourced_difference,partial,2026-07-29
sonicwall,f02_diy_self_managed_model,yes,yes,same_grade,,2026-07-29
sonicwall,f03_co_managed_service,yes,not_confirmed,dated_sourced_difference,yes,2026-07-29
sonicwall,f04_multi_tenant_msp_white_label_support,partial,not_confirmed,dated_sourced_difference,partial,2026-07-29
sonicwall,f05_professional_services_and_migration_support,partner_integrated,not_confirmed,dated_sourced_difference,partner_integrated,2026-07-29
sonicwall,f06_last_mile_circuit_management,partner_integrated,not_confirmed,legacy_without_field_source,,2026-07-29
sonicwall,f07_lifecycle_management,yes,not_confirmed,dated_sourced_difference,yes,2026-07-29
sonicwall,f08_flexible_commercial_model,yes,not_confirmed,legacy_without_field_source,,2026-07-29
sonicwall,f09_encrypted_overlay_fabric,yes,not_confirmed,legacy_without_field_source,,2026-07-29
sonicwall,f10_dynamic_path_selection,yes,not_confirmed,legacy_without_field_source,,2026-07-29
sonicwall,f11_active_active_link_utilisation,yes,not_confirmed,legacy_without_field_source,,2026-07-29
sonicwall,f12_application_aware_routing,yes,not_confirmed,legacy_without_field_source,,2026-07-29
sonicwall,f13_qos_and_traffic_shaping,yes,not_confirmed,legacy_without_field_source,,2026-07-29
sonicwall,f14_packet_loss_remediation,yes,not_confirmed,legacy_without_field_source,,2026-07-29
sonicwall,f15_local_internet_breakout,yes,not_confirmed,legacy_without_field_source,,2026-07-29
sonicwall,f16_mpls_coexistence_and_migration,yes,not_confirmed,legacy_without_field_source,,2026-07-29
sonicwall,f17_cellular_and_5g_support,partial,not_confirmed,dated_sourced_difference,partial,2026-07-29
sonicwall,f18_cloud_on_ramp,partial,not_confirmed,legacy_without_field_source,,2026-07-29
sonicwall,f19_public_cloud_gateways,yes,not_confirmed,dated_sourced_difference,yes,2026-07-29
sonicwall,f20_private_pops_dedicated_pops,yes,not_confirmed,dated_sourced_difference,yes,2026-07-29
sonicwall,f21_private_global_backbone,unknown,not_confirmed,same_grade,unknown,2026-07-29
sonicwall,f22_regional_breakout_and_data_residency,partial,not_confirmed,legacy_without_field_source,,2026-07-29
sonicwall,f23_multi_cloud_transit_fabric,partial,not_confirmed,legacy_without_field_source,,2026-07-29
sonicwall,f24_flexible_edge_form_factors,yes,not_confirmed,legacy_without_field_source,,2026-07-29
sonicwall,f25_high_availability_design,yes,not_confirmed,legacy_without_field_source,,2026-07-29
sonicwall,f26_sla_backed_service_fabric,unknown,not_confirmed,same_grade,unknown,2026-07-29
sonicwall,f27_integrated_next_generation_firewall,yes,not_confirmed,dated_sourced_difference,yes,2026-07-29
sonicwall,f28_full_sase_platform,partial,not_confirmed,legacy_without_field_source,,2026-07-29
sonicwall,f29_sse_ecosystem_integration,partial,not_confirmed,legacy_without_field_source,,2026-07-29
sonicwall,f30_zero_trust_network_access,partial,not_confirmed,legacy_without_field_source,,2026-07-29
sonicwall,f31_secure_web_gateway,yes,not_confirmed,legacy_without_field_source,,2026-07-29
sonicwall,f32_casb_capability,partial,not_confirmed,legacy_without_field_source,,2026-07-29
sonicwall,f33_data_loss_prevention,partial,not_confirmed,dated_sourced_difference,partial,2026-07-29
sonicwall,f34_remote_user_access,yes,not_confirmed,legacy_without_field_source,,2026-07-29
sonicwall,f35_soc_siem_soar_integration,yes,yes,same_grade,,2026-07-29
sonicwall,f36_centralised_orchestration,yes,not_confirmed,legacy_without_field_source,,2026-07-29
sonicwall,f37_customer_portal_and_rbac,yes,not_confirmed,legacy_without_field_source,,2026-07-29
sonicwall,f38_observability_and_digital_experience_monitoring,partial,not_confirmed,legacy_without_field_source,,2026-07-29
sonicwall,f39_apis_and_automation,partial,not_confirmed,legacy_without_field_source,,2026-07-29
sonicwall,f40_managed_service_assurance,partial,not_confirmed,dated_sourced_difference,partial,2026-07-29
arista-velocloud,f01_fully_managed_service,partner_integrated,not_confirmed,dated_sourced_difference,partner_integrated,2026-07-29
arista-velocloud,f02_diy_self_managed_model,yes,yes,same_grade,,2026-07-29
arista-velocloud,f03_co_managed_service,partner_integrated,not_confirmed,legacy_without_field_source,,2026-07-29
arista-velocloud,f04_multi_tenant_msp_white_label_support,partial,not_confirmed,dated_sourced_difference,partial,2026-07-29
arista-velocloud,f05_professional_services_and_migration_support,yes,not_confirmed,dated_sourced_difference,yes,2026-07-29
arista-velocloud,f06_last_mile_circuit_management,partner_integrated,not_confirmed,legacy_without_field_source,,2026-07-29
arista-velocloud,f07_lifecycle_management,yes,not_confirmed,dated_sourced_difference,yes,2026-07-29
arista-velocloud,f08_flexible_commercial_model,yes,not_confirmed,legacy_without_field_source,,2026-07-29
arista-velocloud,f09_encrypted_overlay_fabric,yes,yes,same_grade,,2026-07-29
arista-velocloud,f10_dynamic_path_selection,yes,yes,same_grade,,2026-07-29
arista-velocloud,f11_active_active_link_utilisation,yes,not_confirmed,legacy_without_field_source,,2026-07-29
arista-velocloud,f12_application_aware_routing,yes,not_confirmed,legacy_without_field_source,,2026-07-29
arista-velocloud,f13_qos_and_traffic_shaping,yes,not_confirmed,legacy_without_field_source,,2026-07-29
arista-velocloud,f14_packet_loss_remediation,yes,yes,same_grade,,2026-07-29
arista-velocloud,f15_local_internet_breakout,yes,not_confirmed,legacy_without_field_source,,2026-07-29
arista-velocloud,f16_mpls_coexistence_and_migration,yes,not_confirmed,legacy_without_field_source,,2026-07-29
arista-velocloud,f17_cellular_and_5g_support,yes,not_confirmed,dated_sourced_difference,yes,2026-07-29
arista-velocloud,f18_cloud_on_ramp,yes,not_confirmed,legacy_without_field_source,,2026-07-29
arista-velocloud,f19_public_cloud_gateways,yes,not_confirmed,dated_sourced_difference,yes,2026-07-29
arista-velocloud,f20_private_pops_dedicated_pops,yes,not_confirmed,dated_sourced_difference,yes,2026-07-29
arista-velocloud,f21_private_global_backbone,unknown,not_confirmed,same_grade,unknown,2026-07-29
arista-velocloud,f22_regional_breakout_and_data_residency,partner_integrated,not_confirmed,legacy_without_field_source,,2026-07-29
arista-velocloud,f23_multi_cloud_transit_fabric,yes,not_confirmed,legacy_without_field_source,,2026-07-29
arista-velocloud,f24_flexible_edge_form_factors,yes,not_confirmed,legacy_without_field_source,,2026-07-29
arista-velocloud,f25_high_availability_design,yes,partner_integrated,legacy_without_field_source,,2026-07-29
arista-velocloud,f26_sla_backed_service_fabric,unknown,not_confirmed,same_grade,unknown,2026-07-29
arista-velocloud,f27_integrated_next_generation_firewall,partial,not_confirmed,dated_sourced_difference,partial,2026-07-29
arista-velocloud,f28_full_sase_platform,partner_integrated,partial,legacy_without_field_source,,2026-07-29
arista-velocloud,f29_sse_ecosystem_integration,yes,not_confirmed,legacy_without_field_source,,2026-07-29
arista-velocloud,f30_zero_trust_network_access,partner_integrated,not_confirmed,legacy_without_field_source,,2026-07-29
arista-velocloud,f31_secure_web_gateway,partner_integrated,partner_integrated,same_grade,,2026-07-29
arista-velocloud,f32_casb_capability,partner_integrated,partner_integrated,same_grade,,2026-07-29
arista-velocloud,f33_data_loss_prevention,unknown,not_confirmed,same_grade,unknown,2026-07-29
arista-velocloud,f34_remote_user_access,partner_integrated,not_confirmed,legacy_without_field_source,,2026-07-29
arista-velocloud,f35_soc_siem_soar_integration,yes,not_confirmed,legacy_without_field_source,,2026-07-29
arista-velocloud,f36_centralised_orchestration,yes,not_confirmed,legacy_without_field_source,,2026-07-29
arista-velocloud,f37_customer_portal_and_rbac,yes,not_confirmed,legacy_without_field_source,,2026-07-29
arista-velocloud,f38_observability_and_digital_experience_monitoring,yes,not_confirmed,legacy_without_field_source,,2026-07-29
arista-velocloud,f39_apis_and_automation,yes,not_confirmed,legacy_without_field_source,,2026-07-29
arista-velocloud,f40_managed_service_assurance,managed_service_dependent,not_confirmed,dated_sourced_difference,managed_service_dependent,2026-07-29
verizon-business,f01_fully_managed_service,yes,yes,same_grade,yes,2026-07-29
verizon-business,f02_diy_self_managed_model,partial,not_confirmed,legacy_without_field_source,,2026-07-29
verizon-business,f03_co_managed_service,partial,yes,dated_sourced_difference,partial,2026-07-29
verizon-business,f04_multi_tenant_msp_white_label_support,unknown,not_confirmed,same_grade,unknown,2026-07-29
verizon-business,f05_professional_services_and_migration_support,yes,yes,same_grade,yes,2026-07-29
verizon-business,f06_last_mile_circuit_management,yes,not_confirmed,legacy_without_field_source,,2026-07-29
verizon-business,f07_lifecycle_management,partial,not_confirmed,dated_sourced_difference,partial,2026-07-29
verizon-business,f08_flexible_commercial_model,yes,not_confirmed,legacy_without_field_source,,2026-07-29
verizon-business,f09_encrypted_overlay_fabric,yes,partner_integrated,legacy_without_field_source,,2026-07-29
verizon-business,f10_dynamic_path_selection,yes,not_confirmed,legacy_without_field_source,,2026-07-29
verizon-business,f11_active_active_link_utilisation,yes,not_confirmed,legacy_without_field_source,,2026-07-29
verizon-business,f12_application_aware_routing,yes,not_confirmed,legacy_without_field_source,,2026-07-29
verizon-business,f13_qos_and_traffic_shaping,yes,not_confirmed,legacy_without_field_source,,2026-07-29
verizon-business,f14_packet_loss_remediation,yes,not_confirmed,legacy_without_field_source,,2026-07-29
verizon-business,f15_local_internet_breakout,yes,not_confirmed,legacy_without_field_source,,2026-07-29
verizon-business,f16_mpls_coexistence_and_migration,yes,yes,same_grade,,2026-07-29
verizon-business,f17_cellular_and_5g_support,partial,not_confirmed,dated_sourced_difference,partial,2026-07-29
verizon-business,f18_cloud_on_ramp,yes,not_confirmed,legacy_without_field_source,,2026-07-29
verizon-business,f19_public_cloud_gateways,partner_integrated,not_confirmed,dated_sourced_difference,partner_integrated,2026-07-29
verizon-business,f20_private_pops_dedicated_pops,unknown,not_confirmed,same_grade,unknown,2026-07-29
verizon-business,f21_private_global_backbone,yes,not_confirmed,dated_sourced_difference,yes,2026-07-29
verizon-business,f22_regional_breakout_and_data_residency,yes,not_confirmed,legacy_without_field_source,,2026-07-29
verizon-business,f23_multi_cloud_transit_fabric,yes,not_confirmed,legacy_without_field_source,,2026-07-29
verizon-business,f24_flexible_edge_form_factors,yes,not_confirmed,legacy_without_field_source,,2026-07-29
verizon-business,f25_high_availability_design,yes,not_confirmed,legacy_without_field_source,,2026-07-29
verizon-business,f26_sla_backed_service_fabric,yes,not_confirmed,dated_sourced_difference,yes,2026-07-29
verizon-business,f27_integrated_next_generation_firewall,partner_integrated,not_confirmed,dated_sourced_difference,partner_integrated,2026-07-29
verizon-business,f28_full_sase_platform,yes,partial,legacy_without_field_source,,2026-07-29
verizon-business,f29_sse_ecosystem_integration,yes,not_confirmed,legacy_without_field_source,,2026-07-29
verizon-business,f30_zero_trust_network_access,yes,not_confirmed,legacy_without_field_source,,2026-07-29
verizon-business,f31_secure_web_gateway,yes,not_confirmed,legacy_without_field_source,,2026-07-29
verizon-business,f32_casb_capability,yes,not_confirmed,legacy_without_field_source,,2026-07-29
verizon-business,f33_data_loss_prevention,partner_integrated,not_confirmed,dated_sourced_difference,partner_integrated,2026-07-29
verizon-business,f34_remote_user_access,yes,not_confirmed,legacy_without_field_source,,2026-07-29
verizon-business,f35_soc_siem_soar_integration,yes,not_confirmed,legacy_without_field_source,,2026-07-29
verizon-business,f36_centralised_orchestration,yes,not_confirmed,legacy_without_field_source,,2026-07-29
verizon-business,f37_customer_portal_and_rbac,yes,not_confirmed,legacy_without_field_source,,2026-07-29
verizon-business,f38_observability_and_digital_experience_monitoring,yes,not_confirmed,legacy_without_field_source,,2026-07-29
verizon-business,f39_apis_and_automation,partial,not_confirmed,legacy_without_field_source,,2026-07-29
verizon-business,f40_managed_service_assurance,yes,not_confirmed,dated_sourced_difference,yes,2026-07-29
versa-networks,f01_fully_managed_service,partial,not_confirmed,dated_sourced_difference,partial,2026-07-29
versa-networks,f02_diy_self_managed_model,yes,yes,same_grade,,2026-07-29
versa-networks,f03_co_managed_service,yes,not_confirmed,dated_sourced_difference,yes,2026-07-29
versa-networks,f04_multi_tenant_msp_white_label_support,yes,not_confirmed,legacy_without_field_source,,2026-07-29
versa-networks,f05_professional_services_and_migration_support,unknown,yes,dated_sourced_difference,unknown,2026-07-29
versa-networks,f06_last_mile_circuit_management,partner_integrated,not_confirmed,legacy_without_field_source,,2026-07-29
versa-networks,f07_lifecycle_management,partial,not_confirmed,dated_sourced_difference,partial,2026-07-29
versa-networks,f08_flexible_commercial_model,yes,not_confirmed,legacy_without_field_source,,2026-07-29
versa-networks,f09_encrypted_overlay_fabric,yes,yes,same_grade,,2026-07-29
versa-networks,f10_dynamic_path_selection,yes,not_confirmed,legacy_without_field_source,,2026-07-29
versa-networks,f11_active_active_link_utilisation,yes,not_confirmed,legacy_without_field_source,,2026-07-29
versa-networks,f12_application_aware_routing,yes,yes,same_grade,,2026-07-29
versa-networks,f13_qos_and_traffic_shaping,yes,not_confirmed,legacy_without_field_source,,2026-07-29
versa-networks,f14_packet_loss_remediation,yes,yes,same_grade,,2026-07-29
versa-networks,f15_local_internet_breakout,yes,not_confirmed,legacy_without_field_source,,2026-07-29
versa-networks,f16_mpls_coexistence_and_migration,yes,yes,same_grade,,2026-07-29
versa-networks,f17_cellular_and_5g_support,yes,not_confirmed,dated_sourced_difference,yes,2026-07-29
versa-networks,f18_cloud_on_ramp,yes,yes,same_grade,,2026-07-29
versa-networks,f19_public_cloud_gateways,yes,not_confirmed,dated_sourced_difference,yes,2026-07-29
versa-networks,f20_private_pops_dedicated_pops,yes,not_confirmed,dated_sourced_difference,yes,2026-07-29
versa-networks,f21_private_global_backbone,partial,not_confirmed,dated_sourced_difference,partial,2026-07-29
versa-networks,f22_regional_breakout_and_data_residency,yes,not_confirmed,legacy_without_field_source,,2026-07-29
versa-networks,f23_multi_cloud_transit_fabric,yes,yes,same_grade,,2026-07-29
versa-networks,f24_flexible_edge_form_factors,yes,not_confirmed,legacy_without_field_source,,2026-07-29
versa-networks,f25_high_availability_design,yes,not_confirmed,legacy_without_field_source,,2026-07-29
versa-networks,f26_sla_backed_service_fabric,yes,not_confirmed,dated_sourced_difference,yes,2026-07-29
versa-networks,f27_integrated_next_generation_firewall,yes,yes,same_grade,yes,2026-07-29
versa-networks,f28_full_sase_platform,yes,yes,same_grade,,2026-07-29
versa-networks,f29_sse_ecosystem_integration,yes,not_confirmed,legacy_without_field_source,,2026-07-29
versa-networks,f30_zero_trust_network_access,yes,yes,same_grade,,2026-07-29
versa-networks,f31_secure_web_gateway,yes,yes,same_grade,,2026-07-29
versa-networks,f32_casb_capability,yes,yes,same_grade,,2026-07-29
versa-networks,f33_data_loss_prevention,yes,not_confirmed,dated_sourced_difference,yes,2026-07-29
versa-networks,f34_remote_user_access,yes,yes,same_grade,,2026-07-29
versa-networks,f35_soc_siem_soar_integration,yes,yes,same_grade,,2026-07-29
versa-networks,f36_centralised_orchestration,yes,not_confirmed,legacy_without_field_source,,2026-07-29
versa-networks,f37_customer_portal_and_rbac,yes,not_confirmed,legacy_without_field_source,,2026-07-29
versa-networks,f38_observability_and_digital_experience_monitoring,yes,not_confirmed,legacy_without_field_source,,2026-07-29
versa-networks,f39_apis_and_automation,yes,not_confirmed,legacy_without_field_source,,2026-07-29
versa-networks,f40_managed_service_assurance,partial,not_confirmed,dated_sourced_difference,partial,2026-07-29
virgin-media-o2,f01_fully_managed_service,,yes,no_legacy_record,,
virgin-media-o2,f02_diy_self_managed_model,,not_confirmed,no_legacy_record,,
virgin-media-o2,f03_co_managed_service,,yes,no_legacy_record,,
virgin-media-o2,f04_multi_tenant_msp_white_label_support,,not_confirmed,no_legacy_record,,
virgin-media-o2,f05_professional_services_and_migration_support,,not_confirmed,no_legacy_record,,
virgin-media-o2,f06_last_mile_circuit_management,,not_confirmed,no_legacy_record,,
virgin-media-o2,f07_lifecycle_management,,not_confirmed,no_legacy_record,,
virgin-media-o2,f08_flexible_commercial_model,,not_confirmed,no_legacy_record,,
virgin-media-o2,f09_encrypted_overlay_fabric,,yes,no_legacy_record,,
virgin-media-o2,f10_dynamic_path_selection,,not_confirmed,no_legacy_record,,
virgin-media-o2,f11_active_active_link_utilisation,,not_confirmed,no_legacy_record,,
virgin-media-o2,f12_application_aware_routing,,not_confirmed,no_legacy_record,,
virgin-media-o2,f13_qos_and_traffic_shaping,,not_confirmed,no_legacy_record,,
virgin-media-o2,f14_packet_loss_remediation,,not_confirmed,no_legacy_record,,
virgin-media-o2,f15_local_internet_breakout,,not_confirmed,no_legacy_record,,
virgin-media-o2,f16_mpls_coexistence_and_migration,,not_confirmed,no_legacy_record,,
virgin-media-o2,f17_cellular_and_5g_support,,not_confirmed,no_legacy_record,,
virgin-media-o2,f18_cloud_on_ramp,,not_confirmed,no_legacy_record,,
virgin-media-o2,f19_public_cloud_gateways,,not_confirmed,no_legacy_record,,
virgin-media-o2,f20_private_pops_dedicated_pops,,not_confirmed,no_legacy_record,,
virgin-media-o2,f21_private_global_backbone,,not_confirmed,no_legacy_record,,
virgin-media-o2,f22_regional_breakout_and_data_residency,,not_confirmed,no_legacy_record,,
virgin-media-o2,f23_multi_cloud_transit_fabric,,not_confirmed,no_legacy_record,,
virgin-media-o2,f24_flexible_edge_form_factors,,not_confirmed,no_legacy_record,,
virgin-media-o2,f25_high_availability_design,,not_confirmed,no_legacy_record,,
virgin-media-o2,f26_sla_backed_service_fabric,,not_confirmed,no_legacy_record,,
virgin-media-o2,f27_integrated_next_generation_firewall,,not_confirmed,no_legacy_record,,
virgin-media-o2,f28_full_sase_platform,,partial,no_legacy_record,,
virgin-media-o2,f29_sse_ecosystem_integration,,not_confirmed,no_legacy_record,,
virgin-media-o2,f30_zero_trust_network_access,,not_confirmed,no_legacy_record,,
virgin-media-o2,f31_secure_web_gateway,,not_confirmed,no_legacy_record,,
virgin-media-o2,f32_casb_capability,,not_confirmed,no_legacy_record,,
virgin-media-o2,f33_data_loss_prevention,,not_confirmed,no_legacy_record,,
virgin-media-o2,f34_remote_user_access,,not_confirmed,no_legacy_record,,
virgin-media-o2,f35_soc_siem_soar_integration,,not_confirmed,no_legacy_record,,
virgin-media-o2,f36_centralised_orchestration,,not_confirmed,no_legacy_record,,
virgin-media-o2,f37_customer_portal_and_rbac,,not_confirmed,no_legacy_record,,
virgin-media-o2,f38_observability_and_digital_experience_monitoring,,not_confirmed,no_legacy_record,,
virgin-media-o2,f39_apis_and_automation,,not_confirmed,no_legacy_record,,
virgin-media-o2,f40_managed_service_assurance,,not_confirmed,no_legacy_record,,
vodafone-business,f01_fully_managed_service,yes,yes,same_grade,yes,2026-07-29
vodafone-business,f02_diy_self_managed_model,partial,not_confirmed,legacy_without_field_source,,2026-07-29
vodafone-business,f03_co_managed_service,yes,yes,same_grade,yes,2026-07-29
vodafone-business,f04_multi_tenant_msp_white_label_support,unknown,not_confirmed,same_grade,unknown,2026-07-29
vodafone-business,f05_professional_services_and_migration_support,yes,yes,same_grade,yes,2026-07-29
vodafone-business,f06_last_mile_circuit_management,yes,not_confirmed,legacy_without_field_source,,2026-07-29
vodafone-business,f07_lifecycle_management,partial,not_confirmed,dated_sourced_difference,partial,2026-07-29
vodafone-business,f08_flexible_commercial_model,yes,not_confirmed,legacy_without_field_source,,2026-07-29
vodafone-business,f09_encrypted_overlay_fabric,yes,partner_integrated,legacy_without_field_source,,2026-07-29
vodafone-business,f10_dynamic_path_selection,yes,not_confirmed,legacy_without_field_source,,2026-07-29
vodafone-business,f11_active_active_link_utilisation,yes,not_confirmed,legacy_without_field_source,,2026-07-29
vodafone-business,f12_application_aware_routing,yes,not_confirmed,legacy_without_field_source,,2026-07-29
vodafone-business,f13_qos_and_traffic_shaping,yes,not_confirmed,legacy_without_field_source,,2026-07-29
vodafone-business,f14_packet_loss_remediation,yes,not_confirmed,legacy_without_field_source,,2026-07-29
vodafone-business,f15_local_internet_breakout,yes,not_confirmed,legacy_without_field_source,,2026-07-29
vodafone-business,f16_mpls_coexistence_and_migration,yes,yes,same_grade,,2026-07-29
vodafone-business,f17_cellular_and_5g_support,partial,not_confirmed,dated_sourced_difference,partial,2026-07-29
vodafone-business,f18_cloud_on_ramp,yes,not_confirmed,legacy_without_field_source,,2026-07-29
vodafone-business,f19_public_cloud_gateways,partner_integrated,not_confirmed,dated_sourced_difference,partner_integrated,2026-07-29
vodafone-business,f20_private_pops_dedicated_pops,unknown,not_confirmed,same_grade,unknown,2026-07-29
vodafone-business,f21_private_global_backbone,yes,not_confirmed,dated_sourced_difference,yes,2026-07-29
vodafone-business,f22_regional_breakout_and_data_residency,yes,not_confirmed,legacy_without_field_source,,2026-07-29
vodafone-business,f23_multi_cloud_transit_fabric,yes,not_confirmed,legacy_without_field_source,,2026-07-29
vodafone-business,f24_flexible_edge_form_factors,yes,not_confirmed,legacy_without_field_source,,2026-07-29
vodafone-business,f25_high_availability_design,yes,not_confirmed,legacy_without_field_source,,2026-07-29
vodafone-business,f26_sla_backed_service_fabric,yes,not_confirmed,dated_sourced_difference,yes,2026-07-29
vodafone-business,f27_integrated_next_generation_firewall,partner_integrated,not_confirmed,dated_sourced_difference,partner_integrated,2026-07-29
vodafone-business,f28_full_sase_platform,yes,partial,legacy_without_field_source,,2026-07-29
vodafone-business,f29_sse_ecosystem_integration,partner_integrated,not_confirmed,legacy_without_field_source,,2026-07-29
vodafone-business,f30_zero_trust_network_access,partner_integrated,not_confirmed,legacy_without_field_source,,2026-07-29
vodafone-business,f31_secure_web_gateway,partner_integrated,not_confirmed,legacy_without_field_source,,2026-07-29
vodafone-business,f32_casb_capability,partner_integrated,not_confirmed,legacy_without_field_source,,2026-07-29
vodafone-business,f33_data_loss_prevention,unknown,not_confirmed,same_grade,unknown,2026-07-29
vodafone-business,f34_remote_user_access,partner_integrated,not_confirmed,legacy_without_field_source,,2026-07-29
vodafone-business,f35_soc_siem_soar_integration,partner_integrated,not_confirmed,legacy_without_field_source,,2026-07-29
vodafone-business,f36_centralised_orchestration,yes,not_confirmed,legacy_without_field_source,,2026-07-29
vodafone-business,f37_customer_portal_and_rbac,yes,not_confirmed,legacy_without_field_source,,2026-07-29
vodafone-business,f38_observability_and_digital_experience_monitoring,yes,not_confirmed,legacy_without_field_source,,2026-07-29
vodafone-business,f39_apis_and_automation,partial,not_confirmed,legacy_without_field_source,,2026-07-29
vodafone-business,f40_managed_service_assurance,yes,not_confirmed,dated_sourced_difference,yes,2026-07-29
zscaler,f01_fully_managed_service,partial,not_confirmed,dated_sourced_difference,partial,2026-07-29
zscaler,f02_diy_self_managed_model,yes,yes,same_grade,,2026-07-29
zscaler,f03_co_managed_service,partial,not_confirmed,dated_sourced_difference,partial,2026-07-29
zscaler,f04_multi_tenant_msp_white_label_support,partial,not_confirmed,dated_sourced_difference,partial,2026-07-29
zscaler,f05_professional_services_and_migration_support,yes,yes,same_grade,yes,2026-07-29
zscaler,f06_last_mile_circuit_management,partner_integrated,not_confirmed,legacy_without_field_source,,2026-07-29
zscaler,f07_lifecycle_management,unknown,not_confirmed,same_grade,unknown,2026-07-29
zscaler,f08_flexible_commercial_model,yes,not_confirmed,legacy_without_field_source,,2026-07-29
zscaler,f09_encrypted_overlay_fabric,partial,yes,legacy_without_field_source,,2026-07-29
zscaler,f10_dynamic_path_selection,partial,not_confirmed,legacy_without_field_source,,2026-07-29
zscaler,f11_active_active_link_utilisation,partial,not_confirmed,legacy_without_field_source,,2026-07-29
zscaler,f12_application_aware_routing,partial,not_confirmed,legacy_without_field_source,,2026-07-29
zscaler,f13_qos_and_traffic_shaping,partial,not_confirmed,legacy_without_field_source,,2026-07-29
zscaler,f14_packet_loss_remediation,partial,not_confirmed,legacy_without_field_source,,2026-07-29
zscaler,f15_local_internet_breakout,partial,not_confirmed,legacy_without_field_source,,2026-07-29
zscaler,f16_mpls_coexistence_and_migration,partial,yes,legacy_without_field_source,,2026-07-29
zscaler,f17_cellular_and_5g_support,partial,not_confirmed,dated_sourced_difference,partial,2026-07-29
zscaler,f18_cloud_on_ramp,yes,yes,same_grade,,2026-07-29
zscaler,f19_public_cloud_gateways,yes,not_confirmed,dated_sourced_difference,yes,2026-07-29
zscaler,f20_private_pops_dedicated_pops,yes,not_confirmed,dated_sourced_difference,yes,2026-07-29
zscaler,f21_private_global_backbone,not_primary,not_confirmed,dated_sourced_difference,not_primary,2026-07-29
zscaler,f22_regional_breakout_and_data_residency,yes,not_confirmed,legacy_without_field_source,,2026-07-29
zscaler,f23_multi_cloud_transit_fabric,yes,yes,same_grade,,2026-07-29
zscaler,f24_flexible_edge_form_factors,partial,not_confirmed,legacy_without_field_source,,2026-07-29
zscaler,f25_high_availability_design,partial,not_confirmed,legacy_without_field_source,,2026-07-29
zscaler,f26_sla_backed_service_fabric,yes,not_confirmed,dated_sourced_difference,yes,2026-07-29
zscaler,f27_integrated_next_generation_firewall,yes,yes,same_grade,yes,2026-07-29
zscaler,f28_full_sase_platform,yes,yes,same_grade,,2026-07-29
zscaler,f29_sse_ecosystem_integration,yes,not_confirmed,legacy_without_field_source,,2026-07-29
zscaler,f30_zero_trust_network_access,yes,yes,same_grade,,2026-07-29
zscaler,f31_secure_web_gateway,yes,yes,same_grade,,2026-07-29
zscaler,f32_casb_capability,yes,not_confirmed,legacy_without_field_source,,2026-07-29
zscaler,f33_data_loss_prevention,yes,yes,same_grade,yes,2026-07-29
zscaler,f34_remote_user_access,yes,yes,same_grade,,2026-07-29
zscaler,f35_soc_siem_soar_integration,yes,yes,same_grade,,2026-07-29
zscaler,f36_centralised_orchestration,yes,not_confirmed,legacy_without_field_source,,2026-07-29
zscaler,f37_customer_portal_and_rbac,yes,not_confirmed,legacy_without_field_source,,2026-07-29
zscaler,f38_observability_and_digital_experience_monitoring,yes,yes,same_grade,,2026-07-29
zscaler,f39_apis_and_automation,yes,not_confirmed,legacy_without_field_source,,2026-07-29
zscaler,f40_managed_service_assurance,partial,not_confirmed,dated_sourced_difference,partial,2026-07-29
