provider,feature,legacy_grade,previous_live_grade,reconciled_grade,original_classification,source_url,qualification,evidence_date,review_due
aryaka,f01_fully_managed_service,yes,yes,yes,same_grade,https://www.aryaka.com/unified-sase-platform/,Aryaka-managed delivery is an available service model; scope and responsibilities must be agreed in the service contract.,2026-09-19T00:00:00.000Z,2026-10-19T00:00:00.000Z
aryaka,f02_diy_self_managed_model,partial,yes,yes,legacy_without_field_source,,,,
aryaka,f03_co_managed_service,yes,yes,yes,same_grade,https://www.aryaka.com/unified-sase-platform/,Co-managed delivery is offered; confirm the division of responsibilities with Aryaka or its delivery partner.,2026-09-19T00:00:00.000Z,2026-10-19T00:00:00.000Z
aryaka,f04_multi_tenant_msp_white_label_support,partial,not_confirmed,partial,dated_sourced_difference,https://www.aryaka.com/datasheet/smartmanage-datasheet/,"Utilizes the Aryaka Network Management and Control (ANMC) system for scalable, multi-tenant automation and orchestration Multi-tenant orchestration is confirmed at platform level, the partner programme names Managed Service Providers and System Integrators as a partner category, and co-management can be delegated to an Aryaka partner. However I found no vendor statement about white-label or partner-branded portals, delegated administration roles or tenant templates on the partners page or elsewhere, so this falls short of the full definition.",2026-07-29,2026-12-30T00:00:00Z
aryaka,f05_professional_services_and_migration_support,yes,yes,yes,same_grade,,,,
aryaka,f06_last_mile_circuit_management,partner_integrated,not_confirmed,unknown,legacy_without_field_source,,,,
aryaka,f07_lifecycle_management,unknown,not_confirmed,unknown,same_grade,,,,
aryaka,f08_flexible_commercial_model,yes,not_confirmed,unknown,legacy_without_field_source,,,,
aryaka,f09_encrypted_overlay_fabric,yes,yes,yes,same_grade,,,,
aryaka,f10_dynamic_path_selection,yes,not_confirmed,unknown,legacy_without_field_source,,,,
aryaka,f11_active_active_link_utilisation,yes,not_confirmed,unknown,legacy_without_field_source,,,,
aryaka,f12_application_aware_routing,yes,not_confirmed,unknown,legacy_without_field_source,,,,
aryaka,f13_qos_and_traffic_shaping,yes,not_confirmed,unknown,legacy_without_field_source,,,,
aryaka,f14_packet_loss_remediation,yes,yes,unknown,same_grade,,,,
aryaka,f15_local_internet_breakout,yes,not_confirmed,unknown,legacy_without_field_source,,,,
aryaka,f16_mpls_coexistence_and_migration,yes,yes,unknown,same_grade,,,,
aryaka,f17_cellular_and_5g_support,partial,not_confirmed,partial,dated_sourced_difference,https://www.aryaka.com/last-mile-connectivity/,"Aryaka provides truly global last mile services including wireline and 4G/5G wireless connectivity 4G and 5G are confirmed as supported and procurable last mile transport. Graded partial rather than yes because the ANAP appliance datasheet contains no mention of LTE, 5G, cellular, SIM or modem, and the High Availability datasheet describes redundancy only as dual ISP links, so integrated modem, SIM management and signal monitoring are not evidenced in the sources reviewed.",2026-07-29,2026-12-30T00:00:00Z
aryaka,f18_cloud_on_ramp,yes,not_confirmed,unknown,legacy_without_field_source,,,,
aryaka,f19_public_cloud_gateways,yes,not_confirmed,yes,dated_sourced_difference,https://www.aryaka.com/products-and-services/,"Aryaka Secure Remote Access provides integrated, managed VPN as a service connecting users to the nearest Aryaka POP. The gateways are Aryaka's own infrastructure, not a resold third party's. Corroborated by ""a global private network interconnected in a mesh service fabric of over 40 Points of Presence (PoPs) across the globe"" and by the NGFW being hosted on the ANAP and on Aryaka's POP, so SaaS acceleration, remote access and security enforcement all run on vendor operated PoPs.",2026-07-29,2026-12-30T00:00:00Z
aryaka,f20_private_pops_dedicated_pops,unknown,not_confirmed,unknown,same_grade,,,,
aryaka,f21_private_global_backbone,yes,yes,yes,same_grade,https://www.aryaka.com/unified-sase-platform/,"Aryaka documents a global private network. This does not establish private last-mile access, every-country coverage or a site-specific SLA.",2026-09-19T00:00:00.000Z,2026-10-19T00:00:00.000Z
aryaka,f22_regional_breakout_and_data_residency,yes,not_confirmed,unknown,legacy_without_field_source,,,,
aryaka,f23_multi_cloud_transit_fabric,yes,not_confirmed,unknown,legacy_without_field_source,,,,
aryaka,f24_flexible_edge_form_factors,yes,not_confirmed,yes,legacy_without_field_source,https://aryaka.com/unified-sase-platform/,"Native, confirmed with genuine specificity - the Aryaka Network Access Point (ANAP), included as part of the service rather than sold as separate hardware [9] Native, confirmed with genuine specificity - the Aryaka Network Access Point (ANAP), included as part of the service rather than sold as separate hardware",2026-07-22T00:00:00.000Z,2026-12-30T00:00:00Z
aryaka,f25_high_availability_design,yes,yes,yes,same_grade,https://www.aryaka.com/unified-sase-platform/,"ANAP high-availability configurations are available; validate appliance, circuit and implementation requirements for each site.",2026-09-19T00:00:00.000Z,2026-10-19T00:00:00.000Z
aryaka,f26_sla_backed_service_fabric,yes,not_confirmed,yes,dated_sourced_difference,https://www.aryaka.com/datasheet/smartmanage-datasheet/,"Operates 24x7x365 to maintain industry-leading SLAs for uptime, latency, jitter and packet loss globally. Aryaka publishes a full SLA document with per service uptime targets (""Uptime of 99.999%"" for PrivateCore, NGFW-SWG, PrivateAccess and RemoteUser, and Internet Breakout), a target of ""Packet Loss of less than 0.1%"", per minute probing, monthly measurement and graduated service credits of 5, 10 and 20 percent of Link Service Fees. That is contractual rather than best effort.",2026-07-29,2026-12-30T00:00:00Z
aryaka,f27_integrated_next_generation_firewall,yes,not_confirmed,yes,dated_sourced_difference,https://www.aryaka.com/datasheet/ngfw-swg-solution/,"Aryaka has built a dedicated security stack on top of our Software Defined Wide Area Network (SD-WAN) architecture The NGFW-SWG is Aryaka authored and runs on both the ANAP and Aryaka POPs, with IPS, anti-malware, application control via inline CASB and DPI, and URL filtering that ""Protects users from accessing malicious URLs using reputation scores for more than 32 billion URLs."" Note that a separate optional SmartSecure Hosted VM Firewall Service is partner technology (""The first technology partner providing the NGFW functionality is Palo Alto Networks with its VM series of virtualized NGFWs."") and the Services Description and Terms references a Check Point EULA, so a partner_integrated firewall option exists alongside the native one. The integrated platform firewall itself is native.",2026-07-29,2026-12-30T00:00:00Z
aryaka,f28_full_sase_platform,yes,partial,partial,legacy_without_field_source,,,,
aryaka,f29_sse_ecosystem_integration,yes,not_confirmed,unknown,legacy_without_field_source,,,,
aryaka,f30_zero_trust_network_access,yes,not_confirmed,unknown,legacy_without_field_source,,,,
aryaka,f31_secure_web_gateway,yes,not_confirmed,yes,legacy_without_field_source,https://aryaka.com/sase/sase-architecture/,"Native, confirmed as part of the unified single-pass stack [6] None identified",2026-07-22T00:00:00.000Z,2026-12-30T00:00:00Z
aryaka,f32_casb_capability,partial,yes,yes,legacy_without_field_source,,,,
aryaka,f33_data_loss_prevention,yes,yes,yes,same_grade,,,,
aryaka,f34_remote_user_access,yes,not_confirmed,unknown,legacy_without_field_source,,,,
aryaka,f35_soc_siem_soar_integration,yes,yes,yes,same_grade,,,,
aryaka,f36_centralised_orchestration,yes,not_confirmed,unknown,legacy_without_field_source,,,,
aryaka,f37_customer_portal_and_rbac,yes,not_confirmed,unknown,legacy_without_field_source,,,,
aryaka,f38_observability_and_digital_experience_monitoring,yes,not_confirmed,yes,legacy_without_field_source,https://aryaka.com/case-study/electronics-company/,"Native, well-evidenced via the confirmed 'greatly improved network performance' customer testimony and the platform's confirmed application-acceleration heritage [22] Not confirmed",2026-07-22T00:00:00.000Z,2026-12-30T00:00:00Z
aryaka,f39_apis_and_automation,yes,not_confirmed,unknown,legacy_without_field_source,,,,
aryaka,f40_managed_service_assurance,partial,not_confirmed,partial,dated_sourced_difference,https://www.aryaka.com/datasheet/global-connectivity-solution/,"Aryaka operates its own 24/7 NOC (Network Operations Center) to manage, orchestrate, and monitor all traffic The 24/7 NOC half of the definition is well evidenced: Aryaka runs its own NOCs ""24x7x365 to maintain industry-leading SLAs for uptime, latency, jitter and packet loss globally"", provides ""24x7 proactive Link Monitoring and management of Customer's procured last mile links"" and ""24x7 health monitoring and handle incident management issues related to the ZTNA Gateways"". Graded partial because the Services Description and Terms explicitly excludes a managed SOC from at least one offering: ""managed SOC (Security Operation Center) are not part of the scope of the Managed Firewall Service offering, and Customer is solely responsible for these functions."" No published evidence found for root cause analysis commitments or structured service review and change governance.",2026-07-29,2026-12-30T00:00:00Z
att-business,f01_fully_managed_service,yes,yes,yes,same_grade,,,,
att-business,f02_diy_self_managed_model,partial,not_confirmed,unknown,legacy_without_field_source,,,,
att-business,f03_co_managed_service,yes,yes,yes,same_grade,,,,
att-business,f04_multi_tenant_msp_white_label_support,partial,not_confirmed,unknown,dated_sourced_difference,,,,
att-business,f05_professional_services_and_migration_support,yes,not_confirmed,yes,dated_sourced_difference,https://www.business.att.com/content/dam/attbusiness/briefs/sd-wan-product-brief.pdf,"Engineers also support initial installations and LAN migrations and create and fine-tune business policies. The Managed SD-WAN product brief also states ""AT&T supports the entire continuum of the customer lifecycle from design and delivery to ongoing network management."" and assigns ""Dedicated resources are assigned to each implementation, including project managers"". Discovery, pilots, staging, runbooks and rollback plans are not itemised in the material reviewed, so the grade rests on the design, installation and LAN migration wording.",2026-07-29,2026-12-30T00:00:00Z
att-business,f06_last_mile_circuit_management,yes,not_confirmed,unknown,legacy_without_field_source,,,,
att-business,f07_lifecycle_management,partial,not_confirmed,partial,dated_sourced_difference,https://www.business.att.com/categories/att-managed-services.html,"With comprehensive support and maintenance included, your systems and connectivity services stay smooth and efficient. Maintenance is stated to be included in AT&T managed services, and the FlexWare brief covers AT&T managed universal CPE. No AT&T page reviewed names hardware replacement, firmware upgrades, patching, renewals or end-of-life planning. The words ""maintenance"", ""replacement"" and ""firmware"" do not appear in the Managed SD-WAN product brief, and ""lifecycle"" does not appear on the managed services category page. Graded partial on that gap.",2026-07-29,2026-12-30T00:00:00Z
att-business,f08_flexible_commercial_model,yes,not_confirmed,unknown,legacy_without_field_source,,,,
att-business,f09_encrypted_overlay_fabric,yes,partner_integrated,partner_integrated,legacy_without_field_source,,,,
att-business,f10_dynamic_path_selection,yes,not_confirmed,yes,legacy_without_field_source,https://business.att.com/products/sase.html,"Native, confirmed directly - 'Intelligent network routing and optimization with SD-WAN' and 'Improve performance, reliability, and reduce latency with intelligent routing and local breakout capabilities' [4] Native, confirmed directly - 'Intelligent network routing and optimization with SD-WAN' and 'Improve performance, reliability, and reduce latency with intelligent routing and local breakout capabilities'",2026-07-22T00:00:00.000Z,2026-12-30T00:00:00Z
att-business,f11_active_active_link_utilisation,yes,not_confirmed,unknown,legacy_without_field_source,,,,
att-business,f12_application_aware_routing,yes,not_confirmed,yes,legacy_without_field_source,https://business.att.com/products/sase.html,"Native, confirmed directly - 'Intelligent network routing and optimization with SD-WAN' named as a core managed-service capability [4] None identified",2026-07-22T00:00:00.000Z,2026-12-30T00:00:00Z
att-business,f13_qos_and_traffic_shaping,yes,not_confirmed,unknown,legacy_without_field_source,,,,
att-business,f14_packet_loss_remediation,yes,not_confirmed,unknown,legacy_without_field_source,,,,
att-business,f15_local_internet_breakout,yes,not_confirmed,yes,legacy_without_field_source,https://business.att.com/products/sase.html,"Native, confirmed directly by name - 'local breakout capabilities' named specifically alongside intelligent routing [4] Native, confirmed directly by name - 'local breakout capabilities' named specifically alongside intelligent routing",2026-07-22T00:00:00.000Z,2026-12-30T00:00:00Z
att-business,f16_mpls_coexistence_and_migration,yes,not_confirmed,unknown,legacy_without_field_source,,,,
att-business,f17_cellular_and_5g_support,yes,not_confirmed,yes,dated_sourced_difference,https://www.business.att.com/content/dam/attbusiness/briefs/att-sase-branch-with-fortinet-solution-brief.pdf,"Moving to a more distributed cloud connectivity model means you can use widely available, low-cost options for connectivity such as broadband, 4G/LTE, and 5G. The Fortinet brief also states ""Fortinet extenders provide an LTE-based backup WAN connection. They can also serve as a primary connection to kiosks, retail pop-up stores, small branch offices, point of sale systems, and other locations."", which covers both primary and failover use. AT&T is itself the mobile network operator. SIM management and signal monitoring were not evidenced on the pages read; the attempted AT&T managed wireless WAN PDF returned unreadable binary.",2026-07-29,2026-12-30T00:00:00Z
att-business,f18_cloud_on_ramp,yes,not_confirmed,yes,legacy_without_field_source,https://business.att.com/categories/network-as-a-service.html,"Native, confirmed directly - 'Support multiple clouds by creating an integrated network that brings together your data centres, public clouds, and private clouds in a hybrid environment' and confirmed 'multicloud connectivity' named directly for the Cisco-based offering [2] [8] Specific, named hyperscaler cloud on-ramp partnerships weren't itemised by name",2026-07-22T00:00:00.000Z,2026-12-30T00:00:00Z
att-business,f19_public_cloud_gateways,partner_integrated,not_confirmed,unknown,dated_sourced_difference,,,,
att-business,f20_private_pops_dedicated_pops,unknown,not_confirmed,unknown,same_grade,,,,
att-business,f21_private_global_backbone,yes,not_confirmed,unknown,dated_sourced_difference,,,,
att-business,f22_regional_breakout_and_data_residency,yes,not_confirmed,unknown,legacy_without_field_source,,,,
att-business,f23_multi_cloud_transit_fabric,yes,not_confirmed,yes,legacy_without_field_source,https://business.att.com/categories/network-as-a-service.html,"Native, confirmed directly - 'Support multiple clouds by creating an integrated network that brings together your data centres, public clouds, and private clouds in a hybrid environment' and confirmed 'multicloud connectivity' named directly for the Cisco-based offering [2] [8] Specific, named hyperscaler cloud on-ramp partnerships weren't itemised by name",2026-07-22T00:00:00.000Z,2026-12-30T00:00:00Z
att-business,f24_flexible_edge_form_factors,yes,not_confirmed,unknown,legacy_without_field_source,,,,
att-business,f25_high_availability_design,yes,not_confirmed,yes,legacy_without_field_source,https://business.att.com/content/dam/attbusiness/briefs/next-generation-networking-use-case.pdf,"Native, confirmed directly and with genuine specificity - AT&T's own use-case materials confirm 'SLAs for equipment availability' as a standard commercial commitment [17] Native, confirmed directly and with genuine specificity - AT&T's own use-case materials confirm 'SLAs for equipment availability' as a standard commercial commitment",2026-07-22T00:00:00.000Z,2026-12-30T00:00:00Z
att-business,f26_sla_backed_service_fabric,partial,not_confirmed,partial,dated_sourced_difference,https://www.business.att.com/products/dedicated-internet.html,"AT&T Dedicated Internet access is perfect for businesses that require the fastest speeds available and protection from outages with world-class Service Level Agreements (SLAs) supported by 24/7 active monitoring. Contractual SLAs with service credits are published for the underlying AT&T Dedicated Internet access service, and the SLA credit quick guide points to the ADI Service Guide for the objectives. No SLA covering the managed SD-WAN or SASE service itself was reachable: the AT&T Service Guide Library at serviceguidenew.att.com could not be fetched, and the strings ""SLA"" and ""service level agreement"" do not appear in the Managed SD-WAN product brief or the Palo Alto Networks SASE brief. Graded partial for that reason.",2026-07-29,2026-12-30T00:00:00Z
att-business,f27_integrated_next_generation_firewall,partner_integrated,not_confirmed,partner_integrated,dated_sourced_difference,https://www.business.att.com/content/dam/attbusiness/briefs/att-sase-branch-with-fortinet-solution-brief.pdf,"AT&T Business next-generation firewalls with Fortinet enable one of the fastest application steering methods in the industry. Fortinet technology, branded and managed by AT&T. The same brief lists ""SSL/TLS inspection and threat protection for visibility and prevention against malware."", ""Web filtering service to enforce internet security and reduce complexity."" and ""Complete threat protection anti-virus, and intrusion prevention system (IPS)"", so the full NGFW feature set is present but is another vendor's. The FlexWare brief confirms multi-vendor sourcing: ""Supports a variety of secure virtual firewall vendor designs, including Palo Alto, Fortinet, and Juniper.""",2026-07-29,2026-12-30T00:00:00Z
att-business,f28_full_sase_platform,yes,partial,partner_integrated,legacy_without_field_source,,,,
att-business,f29_sse_ecosystem_integration,yes,not_confirmed,unknown,legacy_without_field_source,,,,
att-business,f30_zero_trust_network_access,yes,not_confirmed,yes,legacy_without_field_source,https://business.att.com/products/sase.html,"Native, confirmed directly - 'Helps ensure that only the right team members have access to the right apps, no matter where they access the network' and 'enforce strict identity verification regardless of location' [4] None identified",2026-07-22T00:00:00.000Z,2026-12-30T00:00:00Z
att-business,f31_secure_web_gateway,yes,not_confirmed,yes,legacy_without_field_source,https://business.att.com/products/sase.html,"Native, confirmed as part of both named SASE architecture descriptions (Cisco and Palo Alto Networks-based) [4] Capability specifics depend on which underlying platform (Cisco or Palo Alto) is proposed",2026-07-22T00:00:00.000Z,2026-12-30T00:00:00Z
att-business,f32_casb_capability,yes,not_confirmed,yes,legacy_without_field_source,https://business.att.com/learn/articles/sase-vs-sd-wan.html,"Native, confirmed directly by name as a core SASE architecture component in AT&T's own materials [7] Specific inline-versus-API-mode technical detail not itemised per platform",2026-07-22T00:00:00.000Z,2026-12-30T00:00:00Z
att-business,f33_data_loss_prevention,partner_integrated,not_confirmed,unknown,dated_sourced_difference,,,,
att-business,f34_remote_user_access,yes,not_confirmed,unknown,legacy_without_field_source,,,,
att-business,f35_soc_siem_soar_integration,yes,not_confirmed,unknown,legacy_without_field_source,,,,
att-business,f36_centralised_orchestration,yes,not_confirmed,yes,legacy_without_field_source,https://business.att.com/categories/network-as-a-service.html,"Native, confirmed directly and with genuine specificity - 'Software-defined networking (SDN) and network function virtualization (NFV) technologies enable zero-touch provisioning and seamlessly automate service changes' [8] Native, confirmed directly and with genuine specificity - 'Software-defined networking (SDN) and network function virtualization (NFV) technologies enable zero-touch provisioning and seamlessly automate service changes'",2026-07-22T00:00:00.000Z,2026-12-30T00:00:00Z
att-business,f37_customer_portal_and_rbac,yes,not_confirmed,unknown,legacy_without_field_source,,,,
att-business,f38_observability_and_digital_experience_monitoring,yes,not_confirmed,yes,legacy_without_field_source,https://business.att.com/products/sase.html,"Native, confirmed directly - 'Enhanced observability and reporting from the edge to the cloud' is named specifically as a core managed-services capability [4] A distinctly-branded DEM product name wasn't itemised",2026-07-22T00:00:00.000Z,2026-12-30T00:00:00Z
att-business,f39_apis_and_automation,partial,not_confirmed,unknown,legacy_without_field_source,,,,
att-business,f40_managed_service_assurance,partial,not_confirmed,partial,dated_sourced_difference,https://www.business.att.com/content/dam/attbusiness/briefs/att-sase-branch-with-fortinet-solution-brief.pdf,"Dedicated experts at the AT&T SNOC use rich SD-WAN analytics to help you fine-tune your business and security policies to improve user experiences. AT&T evidences a security network operations centre and round-the-clock proactive monitoring: ""With 24/7/365 proactive and reactive support, businesses can ensure continuous monitoring and troubleshooting across their connectivity solutions, including managed IT services, SD-WAN, and business Wi-Fi solutions."" and ""At completion of installation, customers experience a world-class tiered support model available 24/7 to manage their global solution."" No page reviewed evidences root cause analysis ownership, structured service reviews or change governance, and the AT&T SOC page proved to be about SOC optimisation consulting rather than a managed SOC. Graded partial on those gaps.",2026-07-29,2026-12-30T00:00:00Z
barracuda-secureedge,f01_fully_managed_service,,not_confirmed,unknown,no_legacy_record,,,,
barracuda-secureedge,f02_diy_self_managed_model,,yes,yes,no_legacy_record,,,,
barracuda-secureedge,f03_co_managed_service,,not_confirmed,unknown,no_legacy_record,,,,
barracuda-secureedge,f04_multi_tenant_msp_white_label_support,,not_confirmed,unknown,no_legacy_record,,,,
barracuda-secureedge,f05_professional_services_and_migration_support,,not_confirmed,yes,no_legacy_record,https://blog.barracuda.com/2026/03/25/barracudaone-secureedge-access-and-security-service-edge-adoption,"Native, confirmed directly via the specifically-named, dated (March 2026) phased-adoption approach - a defined four-step migration path allowing organisations to 'prioritize immediate needs and expand over time' rather than requiring a single, forced cutover [15] Native, confirmed directly via the specifically-named, dated (March 2026) phased-adoption approach - a defined four-step migration path allowing organisations to 'prioritize immediate needs and expand over time' rather than requiring a single, forced cutover",2026-07-22T00:00:00.000Z,2026-12-30T00:00:00Z
barracuda-secureedge,f06_last_mile_circuit_management,,not_confirmed,unknown,no_legacy_record,,,,
barracuda-secureedge,f07_lifecycle_management,,not_confirmed,unknown,no_legacy_record,,,,
barracuda-secureedge,f08_flexible_commercial_model,,not_confirmed,unknown,no_legacy_record,,,,
barracuda-secureedge,f09_encrypted_overlay_fabric,,yes,yes,no_legacy_record,,,,
barracuda-secureedge,f10_dynamic_path_selection,,not_confirmed,unknown,no_legacy_record,,,,
barracuda-secureedge,f11_active_active_link_utilisation,,not_confirmed,unknown,no_legacy_record,,,,
barracuda-secureedge,f12_application_aware_routing,,not_confirmed,unknown,no_legacy_record,,,,
barracuda-secureedge,f13_qos_and_traffic_shaping,,not_confirmed,unknown,no_legacy_record,,,,
barracuda-secureedge,f14_packet_loss_remediation,,not_confirmed,unknown,no_legacy_record,,,,
barracuda-secureedge,f15_local_internet_breakout,,not_confirmed,unknown,no_legacy_record,,,,
barracuda-secureedge,f16_mpls_coexistence_and_migration,,not_confirmed,unknown,no_legacy_record,,,,
barracuda-secureedge,f17_cellular_and_5g_support,,not_confirmed,unknown,no_legacy_record,,,,
barracuda-secureedge,f18_cloud_on_ramp,,not_confirmed,unknown,no_legacy_record,,,,
barracuda-secureedge,f19_public_cloud_gateways,,not_confirmed,unknown,no_legacy_record,,,,
barracuda-secureedge,f20_private_pops_dedicated_pops,,not_confirmed,unknown,no_legacy_record,,,,
barracuda-secureedge,f21_private_global_backbone,,not_confirmed,unknown,no_legacy_record,,,,
barracuda-secureedge,f22_regional_breakout_and_data_residency,,not_confirmed,unknown,no_legacy_record,,,,
barracuda-secureedge,f23_multi_cloud_transit_fabric,,not_confirmed,unknown,no_legacy_record,,,,
barracuda-secureedge,f24_flexible_edge_form_factors,,not_confirmed,unknown,no_legacy_record,,,,
barracuda-secureedge,f25_high_availability_design,,not_confirmed,unknown,no_legacy_record,,,,
barracuda-secureedge,f26_sla_backed_service_fabric,,not_confirmed,unknown,no_legacy_record,,,,
barracuda-secureedge,f27_integrated_next_generation_firewall,,not_confirmed,unknown,no_legacy_record,,,,
barracuda-secureedge,f28_full_sase_platform,,partial,partial,no_legacy_record,,,,
barracuda-secureedge,f29_sse_ecosystem_integration,,not_confirmed,unknown,no_legacy_record,,,,
barracuda-secureedge,f30_zero_trust_network_access,,yes,yes,no_legacy_record,,,,
barracuda-secureedge,f31_secure_web_gateway,,yes,yes,no_legacy_record,,,,
barracuda-secureedge,f32_casb_capability,,not_confirmed,unknown,no_legacy_record,,,,
barracuda-secureedge,f33_data_loss_prevention,,not_confirmed,unknown,no_legacy_record,,,,
barracuda-secureedge,f34_remote_user_access,,not_confirmed,unknown,no_legacy_record,,,,
barracuda-secureedge,f35_soc_siem_soar_integration,,not_confirmed,unknown,no_legacy_record,,,,
barracuda-secureedge,f36_centralised_orchestration,,not_confirmed,yes,no_legacy_record,https://barracuda.com/products/network-protection/secureedge,"Native, confirmed directly and with genuine specificity - 'With zero-touch deployment capabilities, you can remotely deliver SASE and network security services without sending technicians onsite' [4] [17] Native, confirmed directly and with genuine specificity - 'With zero-touch deployment capabilities, you can remotely deliver SASE and network security services without sending technicians onsite'",2026-07-22T00:00:00.000Z,2026-12-30T00:00:00Z
barracuda-secureedge,f37_customer_portal_and_rbac,,not_confirmed,unknown,no_legacy_record,,,,
barracuda-secureedge,f38_observability_and_digital_experience_monitoring,,not_confirmed,unknown,no_legacy_record,,,,
barracuda-secureedge,f39_apis_and_automation,,not_confirmed,unknown,no_legacy_record,,,,
barracuda-secureedge,f40_managed_service_assurance,,not_confirmed,unknown,no_legacy_record,,,,
bt-business,f01_fully_managed_service,yes,yes,yes,same_grade,,,,
bt-business,f02_diy_self_managed_model,partial,not_confirmed,unknown,legacy_without_field_source,,,,
bt-business,f03_co_managed_service,yes,yes,yes,same_grade,,,,
bt-business,f04_multi_tenant_msp_white_label_support,unknown,not_confirmed,unknown,same_grade,,,,
bt-business,f05_professional_services_and_migration_support,yes,yes,yes,same_grade,,,,
bt-business,f06_last_mile_circuit_management,yes,not_confirmed,unknown,legacy_without_field_source,,,,
bt-business,f07_lifecycle_management,yes,not_confirmed,unknown,dated_sourced_difference,,,,
bt-business,f08_flexible_commercial_model,yes,not_confirmed,unknown,legacy_without_field_source,,,,
bt-business,f09_encrypted_overlay_fabric,yes,yes,partner_integrated,same_grade,https://business.bt.com/content/dam/bt-business/pdfs/networks-cloud-digital-services/sd-wan/bt-secure-sd-wan-datasheet.pdf,"BT describes an accelerated IPsec overlay in its managed Fortinet Secure SD-WAN service. BT Secure SD-WAN uses Fortinet IPsec tunnels between branches, data centres and cloud. This evidence applies to that service option; confirm the platform, scope and throughput in the proposal.",2026-10-01,2026-12-30T00:00:00Z
bt-business,f10_dynamic_path_selection,yes,not_confirmed,yes,legacy_without_field_source,https://business.bt.com/networks-digital-services/sd-wan-sase/,"Native, confirmed directly - 'elastic SD-WAN' dynamically steers traffic, and 'traffic is prioritised from your devices to the SASE cloud node, avoiding public internet congestion' [5] [6] Native, confirmed directly - 'elastic SD-WAN' dynamically steers traffic, and 'traffic is prioritised from your devices to the SASE cloud node, avoiding public internet congestion'",2026-07-22T00:00:00.000Z,2026-12-30T00:00:00Z
bt-business,f11_active_active_link_utilisation,yes,not_confirmed,unknown,legacy_without_field_source,,,,
bt-business,f12_application_aware_routing,yes,not_confirmed,unknown,legacy_without_field_source,,,,
bt-business,f13_qos_and_traffic_shaping,yes,not_confirmed,unknown,legacy_without_field_source,,,,
bt-business,f14_packet_loss_remediation,yes,not_confirmed,unknown,legacy_without_field_source,,,,
bt-business,f15_local_internet_breakout,yes,not_confirmed,unknown,legacy_without_field_source,,,,
bt-business,f16_mpls_coexistence_and_migration,yes,yes,unknown,same_grade,,,,
bt-business,f17_cellular_and_5g_support,yes,not_confirmed,yes,dated_sourced_difference,https://business.bt.com/content/dam/bt-business/pdfs/terms/managed-services/btl-bte-frtnt-sdwan-annex-to-mngd-srvcs-sch.pdf,"Active-Active Mobile Data Access is only available over 5G where 5G is available to you. 5G and 4G are contractually defined transport, with a fallback ladder: the annex defines Mobile Network as a 5G or 4G communication network, 4G where 5G is not available and 3G where 4G is not available. SIM management is covered both ways, with a Customer Managed Mobile Data Access option where the customer provides the SIM. Two caveats worth carrying: Part B limits BT-provided Mobile Data Access to UK sites only, and BT explicitly disclaims mobile network degradation, congestion and interference. Signal monitoring specifically is not evidenced.",2026-07-29,2026-12-30T00:00:00Z
bt-business,f18_cloud_on_ramp,yes,not_confirmed,unknown,legacy_without_field_source,,,,
bt-business,f19_public_cloud_gateways,partner_integrated,not_confirmed,partner_integrated,dated_sourced_difference,https://business.bt.com/content/dam/bt-business/pdfs/terms-and-conditions/service-schedules/BT-fortinet-SD-WAN-service-schedule-part-B-31-01-2025-v3.pdf,"The service is only available with the FortiSASE PoPs plus selected PoPs. This is the key ownership call. The cloud security enforcement points are Fortinet's FortiSASE PoPs, not BT infrastructure, so partner_integrated rather than yes. Computer Weekly (Tier 2, named author, dated) confirms the SSE functions of firewall as a service, secure web gateway, CASB and ZTNA come from Fortinet technology. Do not confuse this with BT's Global Fabric PoPs, which BT does operate itself but which are a cloud interconnect fabric rather than a SaaS optimisation or security enforcement gateway service.",2026-07-29,2026-12-30T00:00:00Z
bt-business,f20_private_pops_dedicated_pops,unknown,not_confirmed,unknown,same_grade,,,,
bt-business,f21_private_global_backbone,partial,not_confirmed,partial,dated_sourced_difference,https://newsroom.bt.com/bts-global-fabric-goes-live-with-customer-traffic/,"Global Fabric will be available to customers internationally via 140 PoPs hosted in the world's top cloud locations located in 40 countries. Graded partial, and the reason matters. BT clearly operates a genuinely global, BT-controlled PoP footprint across 40 countries and markets it as deterministic in contrast to the public internet, which is more than a single-country network. What I could not evidence from any Tier 1 or Tier 2 source is that BT owns the inter-region fibre between those PoPs. Analysys Mason (Tier 3, so it cannot carry a grade) states the opposite, that Global Fabric rides partner fibre networks. That unresolved gap between control of the platform and ownership of the transmission caps this at partial. Recorded in conflicts. Note also that Global Fabric is a separate product from the Fortinet SD-WAN/SASE service and the schedules do not place SASE traffic on it.",2026-07-29,2026-12-30T00:00:00Z
bt-business,f22_regional_breakout_and_data_residency,yes,not_confirmed,unknown,legacy_without_field_source,,,,
bt-business,f23_multi_cloud_transit_fabric,yes,not_confirmed,unknown,legacy_without_field_source,,,,
bt-business,f24_flexible_edge_form_factors,yes,not_confirmed,unknown,legacy_without_field_source,,,,
bt-business,f25_high_availability_design,yes,not_confirmed,unknown,legacy_without_field_source,,,,
bt-business,f26_sla_backed_service_fabric,partial,not_confirmed,unknown,dated_sourced_difference,,,,
bt-business,f27_integrated_next_generation_firewall,partner_integrated,not_confirmed,partner_integrated,dated_sourced_difference,https://newsroom.bt.com/bt-launches-a-new-managed-sase-service-powered-by-fortinet/,"Fortinet Next-Generation Firewalls provide enterprise security at any edge, and at any scale on all WAN and LAN traffic as it passes through. The NGFW is Fortinet's technology that BT bundles and manages, so partner_integrated by definition even though it is tightly integrated into BT's managed service. The Managed Fortinet annex refers to 'Fortinet Security Options' configured against agreed design with applicable licence subscriptions, confirming a licensed third-party stack. The functional elements are evidenced: the Managed Cisco SD-WAN annex documents URL filtering by whitelist, blacklist, category and reputation, and Computer Weekly confirms firewall as a service alongside SWG, CASB and ZTNA. BT also offers Palo Alto Prisma and VMware variants, so the underlying firewall vendor varies by build.",2026-07-29,2026-12-30T00:00:00Z
bt-business,f28_full_sase_platform,yes,partial,yes,legacy_without_field_source,https://business.bt.com/networks-digital-services/sd-wan-sase/,"Native, confirmed with genuine sector-specific detail - explicitly named for financial services as 'secure, identity-based access through ZTNA' supporting data residency [5] [6] None identified",2026-07-22T00:00:00.000Z,2026-12-30T00:00:00Z
bt-business,f29_sse_ecosystem_integration,yes,not_confirmed,unknown,legacy_without_field_source,,,,
bt-business,f30_zero_trust_network_access,yes,not_confirmed,yes,legacy_without_field_source,https://business.bt.com/networks-digital-services/sd-wan-sase/,"Native, confirmed with genuine sector-specific detail - explicitly named for financial services as 'secure, identity-based access through ZTNA' supporting data residency [5] [6] None identified",2026-07-22T00:00:00.000Z,2026-12-30T00:00:00Z
bt-business,f31_secure_web_gateway,yes,not_confirmed,yes,legacy_without_field_source,https://newsroom.bt.com/bt-launches-a-new-managed-sase-service-powered-by-fortinet/,"Native, confirmed as part of the current, Fortinet-based managed SASE expansion [2] Capability specifics depend on which underlying platform (Fortinet vs. Meraki) is proposed",2026-07-22T00:00:00.000Z,2026-12-30T00:00:00Z
bt-business,f32_casb_capability,yes,not_confirmed,yes,legacy_without_field_source,https://business.bt.com/networks-digital-services/sd-wan-sase/,"Native, confirmed with genuine sector-specific detail - explicitly named for retail, combined with elastic SD-WAN 'to dynamically steer traffic and safeguard payment and customer data' [5] [6] Specific inline-versus-API-mode technical detail not itemised",2026-07-22T00:00:00.000Z,2026-12-30T00:00:00Z
bt-business,f33_data_loss_prevention,unknown,not_confirmed,unknown,same_grade,,,,
bt-business,f34_remote_user_access,yes,not_confirmed,unknown,legacy_without_field_source,,,,
bt-business,f35_soc_siem_soar_integration,yes,not_confirmed,unknown,legacy_without_field_source,,,,
bt-business,f36_centralised_orchestration,yes,not_confirmed,unknown,legacy_without_field_source,,,,
bt-business,f37_customer_portal_and_rbac,yes,not_confirmed,unknown,legacy_without_field_source,,,,
bt-business,f38_observability_and_digital_experience_monitoring,yes,not_confirmed,unknown,legacy_without_field_source,,,,
bt-business,f39_apis_and_automation,partial,not_confirmed,unknown,legacy_without_field_source,,,,
bt-business,f40_managed_service_assurance,yes,not_confirmed,unknown,dated_sourced_difference,,,,
cato-networks,f01_fully_managed_service,yes,not_confirmed,unknown,dated_sourced_difference,,,,
cato-networks,f02_diy_self_managed_model,yes,yes,yes,same_grade,,,,
cato-networks,f03_co_managed_service,yes,not_confirmed,unknown,dated_sourced_difference,,,,
cato-networks,f04_multi_tenant_msp_white_label_support,partial,not_confirmed,unknown,dated_sourced_difference,,,,
cato-networks,f05_professional_services_and_migration_support,partial,yes,yes,dated_sourced_difference,,,,
cato-networks,f06_last_mile_circuit_management,partner_integrated,not_confirmed,unknown,legacy_without_field_source,,,,
cato-networks,f07_lifecycle_management,partial,not_confirmed,unknown,dated_sourced_difference,,,,
cato-networks,f08_flexible_commercial_model,yes,not_confirmed,unknown,legacy_without_field_source,,,,
cato-networks,f09_encrypted_overlay_fabric,yes,yes,yes,same_grade,,,,
cato-networks,f10_dynamic_path_selection,yes,yes,yes,same_grade,,,,
cato-networks,f11_active_active_link_utilisation,yes,yes,yes,same_grade,https://knowledge.catonetworks.com/docs/hardware,Cato Socket WAN links support active/active operation. Link design and policy must be configured for the deployment.,2026-09-19T00:00:00.000Z,2026-10-19T00:00:00.000Z
cato-networks,f12_application_aware_routing,yes,yes,yes,same_grade,,,,
cato-networks,f13_qos_and_traffic_shaping,yes,not_confirmed,yes,legacy_without_field_source,https://support.catonetworks.com/hc/en-us/articles/7790698733341,"Native - Network Rules let admins assign a bandwidth-priority QoS tier to business-critical traffic, alongside acceleration/optimisation and transport-path settings, confirmed directly in Cato's admin documentation. [46] Native - Network Rules let admins assign a bandwidth-priority QoS tier to business-critical traffic, alongside acceleration/optimisation and transport-path settings, confirmed directly in Cato's admin documentation.",2026-07-22T00:00:00.000Z,2026-12-30T00:00:00Z
cato-networks,f14_packet_loss_remediation,yes,yes,yes,same_grade,https://support.catonetworks.com/hc/en-us/articles/360001868837,"Native - packet duplication for packet loss mitigation, confirmed directly in Cato's own documentation: TCP packets duplicated across active links, UDP packets duplicated across active or standby links. [44] [45] [46] Native - packet duplication for packet loss mitigation, confirmed directly in Cato's own documentation: TCP packets duplicated across active links, UDP packets duplicated across active or standby links.",2026-07-22T00:00:00.000Z,2026-12-30T00:00:00Z
cato-networks,f15_local_internet_breakout,yes,yes,yes,same_grade,,,,
cato-networks,f16_mpls_coexistence_and_migration,yes,yes,unknown,same_grade,,,,
cato-networks,f17_cellular_and_5g_support,yes,not_confirmed,yes,dated_sourced_difference,https://support.catonetworks.com/hc/en-us/articles/16308182518173-X1600-Cellular-Connectivity-Troubleshooting,"Socket X1600 now has a hardware version that supports Cellular (LTE/5G) connections Cato's own Learning Center documents integrated LTE/5G on the X1600 Socket, dual SIM management (""By default, SIM Slot 1 is the active one, while Slot 2 is standby."") and signal monitoring via RSSI, RSRP, SINR and RSRQ. The platform page corroborates transport choice: ""Customers can choose any mix of fiber, cable, xDSL, and cellular connections."" All three definition elements (transport, SIM management, signal monitoring) are met.",2026-07-29,2026-12-30T00:00:00Z
cato-networks,f18_cloud_on_ramp,yes,yes,yes,same_grade,,,,
cato-networks,f19_public_cloud_gateways,yes,yes,yes,same_grade,,,,
cato-networks,f20_private_pops_dedicated_pops,yes,not_confirmed,unknown,dated_sourced_difference,,,,
cato-networks,f21_private_global_backbone,yes,not_confirmed,unknown,dated_sourced_difference,,,,
cato-networks,f22_regional_breakout_and_data_residency,yes,not_confirmed,unknown,legacy_without_field_source,,,,
cato-networks,f23_multi_cloud_transit_fabric,yes,yes,yes,same_grade,,,,
cato-networks,f24_flexible_edge_form_factors,yes,not_confirmed,unknown,legacy_without_field_source,,,,
cato-networks,f25_high_availability_design,yes,yes,yes,same_grade,https://knowledge.catonetworks.com/docs/hardware,WAN redundancy and optional Socket redundancy are documented. HA Sockets require their own licences; resilience depends on the deployed design.,2026-09-19T00:00:00.000Z,2026-10-19T00:00:00.000Z
cato-networks,f26_sla_backed_service_fabric,yes,not_confirmed,unknown,dated_sourced_difference,,,,
cato-networks,f27_integrated_next_generation_firewall,yes,yes,yes,same_grade,,,,
cato-networks,f28_full_sase_platform,yes,yes,yes,same_grade,,,,
cato-networks,f29_sse_ecosystem_integration,yes,not_confirmed,unknown,legacy_without_field_source,,,,
cato-networks,f30_zero_trust_network_access,yes,yes,yes,same_grade,,,,
cato-networks,f31_secure_web_gateway,yes,yes,yes,same_grade,,,,
cato-networks,f32_casb_capability,yes,yes,yes,same_grade,,,,
cato-networks,f33_data_loss_prevention,yes,yes,yes,same_grade,,,,
cato-networks,f34_remote_user_access,yes,yes,yes,same_grade,,,,
cato-networks,f35_soc_siem_soar_integration,yes,yes,yes,same_grade,,,,
cato-networks,f36_centralised_orchestration,yes,yes,yes,same_grade,,,,
cato-networks,f37_customer_portal_and_rbac,yes,not_confirmed,unknown,legacy_without_field_source,,,,
cato-networks,f38_observability_and_digital_experience_monitoring,yes,yes,yes,same_grade,https://catonetworks.com/platform/digital-experience-monitoring-dem/,Confirmed - DEM's AI-powered engines correlate real-user monitoring and synthetic probing [16] Requires DEM licence,2026-07-22T00:00:00.000Z,2026-12-30T00:00:00Z
cato-networks,f39_apis_and_automation,yes,not_confirmed,unknown,legacy_without_field_source,,,,
cato-networks,f40_managed_service_assurance,yes,not_confirmed,unknown,dated_sourced_difference,,,,
check-point,f01_fully_managed_service,partial,not_confirmed,partial,dated_sourced_difference,https://www.checkpoint.com/services/managed-security/managed-firewall/,"Managed Firewall Services with 24/7 monitoring, policy management, tuning, patching, upgrades, incident handling, and expert support for Check Point and third-party NGFWs. Check Point sells first-party managed services covering firewall, EDR, vulnerability management and Microsoft 365, with 24/7 monitoring, policy management and incident handling. I did not find a page describing Check Point itself designing, deploying, changing and reporting on the SASE service end to end for the customer, so partial rather than yes. The Managed Firewall as a Service page (register 20) could not be read.",2026-07-29,2026-12-30T00:00:00Z
check-point,f02_diy_self_managed_model,yes,yes,yes,same_grade,,,,
check-point,f03_co_managed_service,yes,not_confirmed,yes,dated_sourced_difference,https://www.checkpoint.com/services/managed-security/,"Delivering co-managed services with partners and customers for optimal protection through unified collaboration and robust security strategies. Check Point explicitly frames its managed security offer as co-managed, with its experts acting as an extension of the customer team while the customer retains its own operations.",2026-07-29,2026-12-30T00:00:00Z
check-point,f04_multi_tenant_msp_white_label_support,partial,not_confirmed,partial,dated_sourced_difference,https://www.checkpoint.com/partners/mssp-program/,"Leverage true multi-tenancy, a wide range of security services, and full API integration to streamline customer management and accelerate service delivery. Multi-tenant architecture, delegated multi-customer management through one portal and API integration are all stated on the MSSP programme page. I found no statement of branded or white-label portals under the MSP's own brand, which the definition requires, so partial rather than yes.",2026-07-29,2026-12-30T00:00:00Z
check-point,f05_professional_services_and_migration_support,yes,not_confirmed,yes,dated_sourced_difference,https://www.checkpoint.com/services/professional-services/,"As your security infrastructure becomes more complicated, our Professional Services team can assist you with your security design, deployment, operation, and optimization needs. The same page lists a Jumpstart Program, Maestro Deployment, SmartOptimize, Gateway Health Check and Lifecycle Management Services, and states delivery covers adding new features and layers while ensuring smooth migrations and scheduled updates. Training programmes are listed separately. Explicit runbook and rollback wording was not found.",2026-07-29,2026-12-30T00:00:00Z
check-point,f06_last_mile_circuit_management,partner_integrated,not_confirmed,unknown,legacy_without_field_source,,,,
check-point,f07_lifecycle_management,yes,not_confirmed,yes,dated_sourced_difference,https://www.checkpoint.com/support-services/support-plans/,"Check Point shall use commercially reasonable efforts to ship the replacement hardware on the same business day, however, shipment my occur on the next business day if required for operational reasons. Support programmes include RMA hardware replacement with same business day shipment and onsite delivery options, plus Latest Hot Fixes & Service Packs and Major Upgrades & Enhancements on every tier, and Lifecycle Management Services is a named professional service. This is a purchased support or services contract rather than something bundled into every subscription. The dedicated lifecycle management page (register 15) could not be read. The quote reproduces the page's own typo.",2026-07-29,2026-12-30T00:00:00Z
check-point,f08_flexible_commercial_model,yes,not_confirmed,unknown,legacy_without_field_source,,,,
check-point,f09_encrypted_overlay_fabric,partial,yes,yes,legacy_without_field_source,,,,
check-point,f10_dynamic_path_selection,partial,not_confirmed,unknown,legacy_without_field_source,,,,
check-point,f11_active_active_link_utilisation,partial,not_confirmed,unknown,legacy_without_field_source,,,,
check-point,f12_application_aware_routing,partial,not_confirmed,unknown,legacy_without_field_source,,,,
check-point,f13_qos_and_traffic_shaping,partial,not_confirmed,unknown,legacy_without_field_source,,,,
check-point,f14_packet_loss_remediation,partial,not_confirmed,unknown,legacy_without_field_source,,,,
check-point,f15_local_internet_breakout,partial,not_confirmed,unknown,legacy_without_field_source,,,,
check-point,f16_mpls_coexistence_and_migration,partial,not_confirmed,unknown,legacy_without_field_source,,,,
check-point,f17_cellular_and_5g_support,partial,not_confirmed,partial,dated_sourced_difference,https://www.checkpoint.com/harmony/sase/,"Sub-second failover to any WAN link: MPLS, 5G, broadband 5G is named as a supported WAN failover transport for SD-WAN, and the NGFW page notes a Wi-Fi 5G option on small business appliances and 1 GbE & 5G wireless secure connectivity on industrial appliances. I found no statement covering SIM management or signal monitoring, which the definition requires, so partial. The Quantum SD-WAN page (register 14) could not be read.",2026-07-29,2026-12-30T00:00:00Z
check-point,f18_cloud_on_ramp,yes,not_confirmed,unknown,legacy_without_field_source,,,,
check-point,f19_public_cloud_gateways,yes,not_confirmed,yes,dated_sourced_difference,https://www.checkpoint.com/harmony/sase/private-access/,"Our high-performance network provides fast delivery between corporate sites worldwide thanks to multiple tier-1 links at each point-of-presence (PoP), reserved bandwidth, and peering agreements. Check Point operates its own PoP and data centre estate for SASE internet access, private access and SaaS security, described as 80+ to 85+ global data centres depending on the page. This is Check Point's own infrastructure rather than a resold third party edge, so yes rather than partner_integrated.",2026-07-29,2026-12-30T00:00:00Z
check-point,f20_private_pops_dedicated_pops,unknown,not_confirmed,unknown,same_grade,,,,
check-point,f21_private_global_backbone,yes,not_confirmed,yes,dated_sourced_difference,https://www.checkpoint.com/harmony/sase/private-access/,"Our high-performance network provides fast delivery between corporate sites worldwide thanks to multiple tier-1 links at each point-of-presence (PoP), reserved bandwidth, and peering agreements. The heading above this text is Global Private Backbone, and the SASE overview separately states Private Access delivers high performance with a full mesh global private backbone. The backbone is global rather than national. Check Point describes it as built on purchased tier-1 links, reserved bandwidth and peering rather than fibre it owns, so it is a controlled overlay backbone rather than owned infrastructure.",2026-07-29,2026-12-30T00:00:00Z
check-point,f22_regional_breakout_and_data_residency,yes,not_confirmed,unknown,legacy_without_field_source,,,,
check-point,f23_multi_cloud_transit_fabric,yes,not_confirmed,unknown,legacy_without_field_source,,,,
check-point,f24_flexible_edge_form_factors,partial,not_confirmed,unknown,legacy_without_field_source,,,,
check-point,f25_high_availability_design,partial,not_confirmed,unknown,legacy_without_field_source,,,,
check-point,f26_sla_backed_service_fabric,partial,not_confirmed,partial,dated_sourced_difference,https://www.checkpoint.com/support-services/support-plans/,"Get advanced access to our large, self-service knowledge base and a committed 30-minute response time to issues with level one severity. Check Point publishes contractual support SLAs with per-severity response times (30 minutes for Severity 1 across all tiers), 7x24 coverage on Premium and above, and named SLA documents including the Check Point Direct Support Program Service Level Agreement. I found no published availability, latency, jitter or loss commitment for the SASE cloud service, so partial rather than yes.",2026-07-29,2026-12-30T00:00:00Z
check-point,f27_integrated_next_generation_firewall,yes,yes,yes,same_grade,https://checkpoint.com/harmony/sase/,"Native, via the confirmed FWaaS capability [24] [28] None identified",2026-07-22T00:00:00.000Z,2026-12-30T00:00:00Z
check-point,f28_full_sase_platform,yes,yes,yes,same_grade,,,,
check-point,f29_sse_ecosystem_integration,yes,not_confirmed,unknown,legacy_without_field_source,,,,
check-point,f30_zero_trust_network_access,yes,yes,yes,same_grade,,,,
check-point,f31_secure_web_gateway,yes,yes,yes,same_grade,,,,
check-point,f32_casb_capability,yes,yes,yes,same_grade,,,,
check-point,f33_data_loss_prevention,yes,not_confirmed,yes,dated_sourced_difference,https://www.checkpoint.com/harmony/sase/,"Inline and API-based enforcement with Application Control for 10,000+ cloud apps, tenant restrictions, DLP, and Threat Prevention powered by ThreatCloud AI The same pages state AI-powered data classification with 800+ predefined data types, and the Internet Access page cites in-browser data loss prevention. Content classification and inline enforcement are clearly evidenced. Explicit alerting and exception workflow detail was not found on the pages read.",2026-07-29,2026-12-30T00:00:00Z
check-point,f34_remote_user_access,yes,yes,yes,same_grade,,,,
check-point,f35_soc_siem_soar_integration,yes,yes,yes,same_grade,https://sase.checkpoint.com/solutions/compliance/soc-2,"Native, confirmed with genuine technical specificity as part of the platform's SOC 2 Type 2 compliance architecture - 'monitor system activity, view system configuration changes and assign user access controls', with audit trails covering 'the modification, addition, or removal of key system components' [18] Not confirmed",2026-07-22T00:00:00.000Z,2026-12-30T00:00:00Z
check-point,f36_centralised_orchestration,yes,yes,yes,same_grade,,,,
check-point,f37_customer_portal_and_rbac,yes,not_confirmed,unknown,legacy_without_field_source,,,,
check-point,f38_observability_and_digital_experience_monitoring,partial,yes,yes,legacy_without_field_source,,,,
check-point,f39_apis_and_automation,yes,not_confirmed,unknown,legacy_without_field_source,,,,
check-point,f40_managed_service_assurance,partial,not_confirmed,partial,dated_sourced_difference,https://www.checkpoint.com/services/managed-security/,"Our 24/7 global service team will be there whenever and wherever you need them to help make sure your organization is always protected. 24/7 coverage, incident handling and NOC and SOC oriented managed services are stated, and the services pages claim 99% of threats responded to within 1 hour. I found no statement of provider-owned root cause analysis, structured service reviews or change governance, so partial. The Managed Detection and Response page (register 19) could not be read.",2026-07-29,2026-12-30T00:00:00Z
cisco,f01_fully_managed_service,not_primary,not_confirmed,unknown,dated_sourced_difference,,,,
cisco,f02_diy_self_managed_model,yes,yes,yes,same_grade,,,,
cisco,f03_co_managed_service,partial,not_confirmed,unknown,dated_sourced_difference,,,,
cisco,f04_multi_tenant_msp_white_label_support,yes,not_confirmed,yes,dated_sourced_difference,https://documentation.meraki.com/Platform_Management/Managed_Service_Provider_Resources/Dashboard_Branding_for_MSPs,"Managed Service Providers (MSPs) can now take advantage of custom branding options within the Cisco Meraki Dashboard. All four elements of the definition are evidenced. Branded portals from the Meraki dashboard branding documentation, which also states ""Any logos that are applied to Dashboard should be the logo of the MSP and not of the end customer."" Tenant isolation and delegated administration from multi-organisation management, corroborated on the Secure Access datasheet: ""Large enterprise customers can manage multiple organizations (orgs) through a single user interface, with central access and license management."" Branding is configured per organisation and can be cloned to new organisations as a template.",2026-07-29,2026-12-30T00:00:00Z
cisco,f05_professional_services_and_migration_support,partial,yes,yes,dated_sourced_difference,,,,
cisco,f06_last_mile_circuit_management,partner_integrated,not_confirmed,unknown,legacy_without_field_source,,,,
cisco,f07_lifecycle_management,yes,not_confirmed,unknown,dated_sourced_difference,,,,
cisco,f08_flexible_commercial_model,yes,not_confirmed,unknown,legacy_without_field_source,,,,
cisco,f09_encrypted_overlay_fabric,yes,yes,yes,same_grade,,,,
cisco,f10_dynamic_path_selection,yes,not_primary,not_primary,legacy_without_field_source,,,,
cisco,f11_active_active_link_utilisation,yes,not_confirmed,unknown,legacy_without_field_source,,,,
cisco,f12_application_aware_routing,yes,yes,yes,same_grade,,,,
cisco,f13_qos_and_traffic_shaping,yes,yes,yes,same_grade,,,,
cisco,f14_packet_loss_remediation,yes,yes,yes,same_grade,https://investor.cisco.com/news/news-details/2026/Cisco-Redefines-Security-for-the-Agentic-Era-with-AI-Defence-Expansion-and-AI-Aware-SASE/default.aspx,"Native, specifically confirmed in the AI-traffic context - the February 2026 AI-aware SASE announcement explicitly names 'packet duplication' as an AI traffic optimization technique [25] Native, specifically confirmed in the AI-traffic context - the February 2026 AI-aware SASE announcement explicitly names 'packet duplication' as an AI traffic optimization technique",2026-07-22T00:00:00.000Z,2026-12-30T00:00:00Z
cisco,f15_local_internet_breakout,yes,not_confirmed,unknown,legacy_without_field_source,,,,
cisco,f16_mpls_coexistence_and_migration,yes,yes,unknown,same_grade,,,,
cisco,f17_cellular_and_5g_support,yes,yes,yes,same_grade,,,,
cisco,f18_cloud_on_ramp,yes,yes,yes,same_grade,,,,
cisco,f19_public_cloud_gateways,yes,not_confirmed,yes,dated_sourced_difference,https://documentation.meraki.com/CiscoPlusSecureConnect/Cisco___Secure_Connect_Pre-configuration_Checklist/Data_Centers,"Cisco Secure Connect services operate in the Cisco Umbrella global cloud architecture which is network of data centers located throughout the world interconnected with a high speed, low latency backbone. Yes rather than partner_integrated. This is Cisco's own service infrastructure, not a third party's PoPs that Cisco resells: Cisco owns and operates the Umbrella global cloud architecture, publishes its data centre list, and enforces security and delivers remote access from it. Corroborated by the Umbrella global network page, ""The Cisco Umbrella global cloud architecture serves more than 30,000 customers daily in 190+ countries."" AWS, Azure and GCP connectivity was disregarded as it does not meet the definition.",2026-07-29,2026-12-30T00:00:00Z
cisco,f20_private_pops_dedicated_pops,unknown,not_confirmed,unknown,same_grade,,,,
cisco,f21_private_global_backbone,partial,not_confirmed,partial,dated_sourced_difference,https://documentation.meraki.com/CiscoPlusSecureConnect/Cisco___Secure_Connect_Pre-configuration_Checklist/Data_Centers,"Cisco Secure Connect services operate in the Cisco Umbrella global cloud architecture which is network of data centers located throughout the world interconnected with a high speed, low latency backbone. Partial rather than yes. A global, not national, footprint is clearly evidenced and the documentation states the data centres are interconnected by a backbone. What is not evidenced is the ownership or control test in the definition: no page reviewed states that Cisco owns or controls that backbone rather than buying transit or leased capacity. The Umbrella global cloud architecture page instead emphasises internet peering and anycast, ""Umbrella peers directly with more than 1000 organizations"", which points towards an internet-peering-centric design. Graded partial on the ownership gap. See conflicts.",2026-07-29,2026-12-30T00:00:00Z
cisco,f22_regional_breakout_and_data_residency,yes,not_confirmed,unknown,legacy_without_field_source,,,,
cisco,f23_multi_cloud_transit_fabric,yes,yes,yes,same_grade,,,,
cisco,f24_flexible_edge_form_factors,yes,not_confirmed,unknown,legacy_without_field_source,,,,
cisco,f25_high_availability_design,yes,yes,yes,same_grade,,,,
cisco,f26_sla_backed_service_fabric,partial,not_confirmed,unknown,dated_sourced_difference,,,,
cisco,f27_integrated_next_generation_firewall,yes,yes,yes,same_grade,,,,
cisco,f28_full_sase_platform,yes,yes,yes,same_grade,,,,
cisco,f29_sse_ecosystem_integration,yes,not_confirmed,unknown,legacy_without_field_source,,,,
cisco,f30_zero_trust_network_access,yes,yes,yes,same_grade,,,,
cisco,f31_secure_web_gateway,yes,yes,yes,same_grade,,,,
cisco,f32_casb_capability,yes,yes,yes,same_grade,,,,
cisco,f33_data_loss_prevention,yes,yes,yes,same_grade,,,,
cisco,f34_remote_user_access,yes,yes,yes,same_grade,,,,
cisco,f35_soc_siem_soar_integration,yes,yes,yes,same_grade,,,,
cisco,f36_centralised_orchestration,yes,not_confirmed,unknown,legacy_without_field_source,,,,
cisco,f37_customer_portal_and_rbac,yes,not_confirmed,unknown,legacy_without_field_source,,,,
cisco,f38_observability_and_digital_experience_monitoring,yes,yes,yes,same_grade,,,,
cisco,f39_apis_and_automation,yes,not_confirmed,unknown,legacy_without_field_source,,,,
cisco,f40_managed_service_assurance,not_primary,not_confirmed,unknown,dated_sourced_difference,,,,
cloudflare-one,f01_fully_managed_service,not_primary,not_confirmed,not_primary,dated_sourced_difference,https://www.cloudflare.com/professional-services/,"Cloudflare authorized service delivery partners have a strong track record of delivering excellent customer experiences and in-depth knowledge of our services to customers. Cloudflare sells Cloudflare One as a self-administered cloud platform. No page read describes Cloudflare designing, operating, changing and reporting on the service end to end for the customer; ongoing delivery is positioned through authorised service delivery partners. Pages read: sase, professional services, partners/services, partners/managed-service-providers.",2026-07-29,2026-12-30T00:00:00Z
cloudflare-one,f02_diy_self_managed_model,yes,yes,yes,same_grade,,,,
cloudflare-one,f03_co_managed_service,partial,not_confirmed,unknown,dated_sourced_difference,,,,
cloudflare-one,f04_multi_tenant_msp_white_label_support,partial,not_confirmed,partial,dated_sourced_difference,https://developers.cloudflare.com/tenant/,"The Cloudflare Tenant API is a provisioning mechanism to help Channel and Alliance partners set up and manage Cloudflare accounts and services for their customers. The Tenant Platform gives partners per-customer account provisioning and delegated administration, which covers tenant isolation. No evidence found on the pages read of branded portals or white-label templates letting an MSP operate the platform under its own brand.",2026-07-29,2026-12-30T00:00:00Z
cloudflare-one,f05_professional_services_and_migration_support,yes,yes,yes,same_grade,,,,
cloudflare-one,f06_last_mile_circuit_management,partner_integrated,not_confirmed,unknown,legacy_without_field_source,,,,
cloudflare-one,f07_lifecycle_management,unknown,not_confirmed,unknown,same_grade,,,,
cloudflare-one,f08_flexible_commercial_model,yes,not_confirmed,unknown,legacy_without_field_source,,,,
cloudflare-one,f09_encrypted_overlay_fabric,partial,not_confirmed,unknown,legacy_without_field_source,,,,
cloudflare-one,f10_dynamic_path_selection,partial,not_confirmed,yes,legacy_without_field_source,https://cloudflare.com/enterprise/,"Native, via the confirmed Argo Smart Routing capability, which dynamically routes traffic across Cloudflare's own network for optimal performance [33] Native, via the confirmed Argo Smart Routing capability, which dynamically routes traffic across Cloudflare's own network for optimal performance",2026-07-22T00:00:00.000Z,2026-12-30T00:00:00Z
cloudflare-one,f11_active_active_link_utilisation,partial,not_confirmed,unknown,legacy_without_field_source,,,,
cloudflare-one,f12_application_aware_routing,partial,not_confirmed,unknown,legacy_without_field_source,,,,
cloudflare-one,f13_qos_and_traffic_shaping,partial,not_confirmed,unknown,legacy_without_field_source,,,,
cloudflare-one,f14_packet_loss_remediation,partial,not_confirmed,unknown,legacy_without_field_source,,,,
cloudflare-one,f15_local_internet_breakout,partial,yes,yes,legacy_without_field_source,,,,
cloudflare-one,f16_mpls_coexistence_and_migration,partial,yes,unknown,legacy_without_field_source,,,,
cloudflare-one,f17_cellular_and_5g_support,unknown,not_confirmed,unknown,same_grade,,,,
cloudflare-one,f18_cloud_on_ramp,yes,not_confirmed,unknown,legacy_without_field_source,,,,
cloudflare-one,f19_public_cloud_gateways,yes,not_confirmed,yes,dated_sourced_difference,https://developers.cloudflare.com/magic-wan/,"Instead of backhauling traffic through a central data center or maintaining dedicated MPLS circuits at every site, your traffic routes through the nearest Cloudflare data center where security policies apply inline. The enforcement points are Cloudflare's own data centres, not a third party's infrastructure that Cloudflare resells. The SASE page states Cloudflare delivers full SASE from 300+ cities and the network page states 337 cities and 8 regions.",2026-07-29,2026-12-30T00:00:00Z
cloudflare-one,f20_private_pops_dedicated_pops,partial,not_confirmed,partial,dated_sourced_difference,https://www.cloudflare.com/data-localization/,"Choose the location of the data centers where your traffic is inspected. The Data Localization Suite offers regional control over which of Cloudflare's own data centres inspect traffic, which addresses sovereignty of the processing location. That remains region selection inside the shared multi-tenant network. No offer of customer-hosted or physically dedicated PoPs was found on the pages read.",2026-07-29,2026-12-30T00:00:00Z
cloudflare-one,f21_private_global_backbone,yes,not_confirmed,yes,dated_sourced_difference,https://blog.cloudflare.com/cloudflare-backbone-internet-fast-lane/,"Our backbone is a dedicated network, providing guaranteed network capacity and consistent latency between various locations. The same dated vendor post states the backbone comprises long-distance fibre optic cables connecting Cloudflare data centres across North America, South America, Europe and Asia, so it is intercontinental rather than national. Evidence is from a 2021 post; the SASE reference architecture read in 2026 does not use the word backbone.",2026-07-29,2026-12-30T00:00:00Z
cloudflare-one,f22_regional_breakout_and_data_residency,yes,not_confirmed,unknown,legacy_without_field_source,,,,
cloudflare-one,f23_multi_cloud_transit_fabric,yes,not_confirmed,unknown,legacy_without_field_source,,,,
cloudflare-one,f24_flexible_edge_form_factors,partial,not_confirmed,unknown,legacy_without_field_source,,,,
cloudflare-one,f25_high_availability_design,partial,not_confirmed,unknown,legacy_without_field_source,,,,
cloudflare-one,f26_sla_backed_service_fabric,yes,not_confirmed,yes,dated_sourced_difference,https://www.cloudflare.com/plans/enterprise/,"backed by dependable SLAs, 100% uptime, and reliable service you can trust. Availability and 24/7/365 support commitments are published for Enterprise plans. The underlying contractual SLA document itself was not reachable, as two candidate SLA URLs returned 404, so change handling and latency, jitter and loss commitments could not be verified.",2026-07-29,2026-12-30T00:00:00Z
cloudflare-one,f27_integrated_next_generation_firewall,yes,not_confirmed,yes,dated_sourced_difference,https://www.cloudflare.com/sase/,"Cloudflare One converges core SASE services such as zero trust network access (ZTNA), secure web gateway (SWG), cloud access security broker (CASB), network-as-a-service (NaaS), and firewall-as-a-service (FWaaS). Firewall, secure web gateway and DLP are converged into Cloudflare's own platform and delivered from its network rather than as a separate appliance or a resold third-party stack. Gateway documentation confirms packet-level network policies and full inspection of web request content. Intrusion prevention specifically was not confirmed by a verbatim sentence on the pages read.",2026-07-29,2026-12-30T00:00:00Z
cloudflare-one,f28_full_sase_platform,yes,not_confirmed,unknown,legacy_without_field_source,,,,
cloudflare-one,f29_sse_ecosystem_integration,yes,not_confirmed,unknown,legacy_without_field_source,,,,
cloudflare-one,f30_zero_trust_network_access,yes,not_confirmed,unknown,legacy_without_field_source,,,,
cloudflare-one,f31_secure_web_gateway,yes,not_confirmed,unknown,legacy_without_field_source,,,,
cloudflare-one,f32_casb_capability,yes,not_confirmed,unknown,legacy_without_field_source,,,,
cloudflare-one,f33_data_loss_prevention,yes,not_confirmed,unknown,legacy_without_field_source,,,,
cloudflare-one,f34_remote_user_access,yes,yes,yes,same_grade,,,,
cloudflare-one,f35_soc_siem_soar_integration,yes,yes,yes,same_grade,https://cloudflare.com/enterprise/,"Native, well-evidenced via the confirmed, massive-scale, continuous global threat-telemetry operation (47.1 million DDoS attacks mitigated in 2025, 230 billion threats blocked daily per Cloudflare's own reporting) [33] [10] Not confirmed",2026-07-22T00:00:00.000Z,2026-12-30T00:00:00Z
cloudflare-one,f36_centralised_orchestration,yes,not_confirmed,unknown,legacy_without_field_source,,,,
cloudflare-one,f37_customer_portal_and_rbac,yes,not_confirmed,unknown,legacy_without_field_source,,,,
cloudflare-one,f38_observability_and_digital_experience_monitoring,yes,not_confirmed,unknown,legacy_without_field_source,,,,
cloudflare-one,f39_apis_and_automation,yes,not_confirmed,unknown,legacy_without_field_source,,,,
cloudflare-one,f40_managed_service_assurance,partial,not_confirmed,partial,dated_sourced_difference,https://www.cloudflare.com/plans/enterprise/,"Award-winning, global, 24/7/365 email and emergency phone support (for Enterprise plans). Round the clock vendor support is published, but no statement was found describing a NOC and SOC proactively monitoring the customer service, owning incidents through to root cause analysis, or running structured service reviews and change governance.",2026-07-29,2026-12-30T00:00:00Z
colt-technology-services,f01_fully_managed_service,yes,yes,yes,same_grade,,,,
colt-technology-services,f02_diy_self_managed_model,partial,not_confirmed,unknown,legacy_without_field_source,,,,
colt-technology-services,f03_co_managed_service,yes,not_confirmed,yes,dated_sourced_difference,https://coltonlinehelp.colt.net/sd-wan-external-service-guide/,"Customers can choose to do (add/edit/delete) all their policy configurations anytime via the secure Colt SD WAN portal This is a textbook shared-responsibility split: Colt runs the platform, CPE and support while the customer retains live policy and change rights through the portal. The guide also states customers can add branch sites in hours and upgrade bandwidth in real time themselves.",2026-07-29,2026-12-30T00:00:00Z
colt-technology-services,f04_multi_tenant_msp_white_label_support,yes,not_confirmed,yes,dated_sourced_difference,https://coltonlinehelp.colt.net/sd-wan-external-service-guide/,"For the Wholesale SD WAN service, both wholesale customers and end customers will benefit from a customized look and feel, setting wholesale customer's own logo, background image, links and contact details, so that their end-customer experience doesn't differ from the rest of their services offered. All four elements of the definition are evidenced on one page: branded portal (logo, background, links), delegated administration (the carrier holds end-customer credentials and handles resets), tenant isolation (IPC* tenant identifiers in Versa Director) and hierarchy templates (customizable portal, branding and further hierarchy levels). Colt sells this explicitly as a Wholesale SD WAN solution for partners to resell.",2026-07-29,2026-12-30T00:00:00Z
colt-technology-services,f05_professional_services_and_migration_support,partial,yes,yes,dated_sourced_difference,,,,
colt-technology-services,f06_last_mile_circuit_management,yes,not_confirmed,unknown,legacy_without_field_source,,,,
colt-technology-services,f07_lifecycle_management,unknown,not_confirmed,unknown,same_grade,,,,
colt-technology-services,f08_flexible_commercial_model,yes,not_confirmed,unknown,legacy_without_field_source,,,,
colt-technology-services,f09_encrypted_overlay_fabric,yes,not_confirmed,yes,legacy_without_field_source,https://coltonlinehelp.colt.net/sd-wan-external-service-guide/,Colt documents an encrypted overlay over private MPLS and public Internet underlay. The Colt Versa SD-WAN service guide documents an encrypted overlay using IPsec. Encryption configuration and throughput must be established for the chosen service design.,2026-10-01,2026-12-30T00:00:00Z
colt-technology-services,f10_dynamic_path_selection,yes,not_confirmed,unknown,legacy_without_field_source,,,,
colt-technology-services,f11_active_active_link_utilisation,yes,not_confirmed,unknown,legacy_without_field_source,,,,
colt-technology-services,f12_application_aware_routing,yes,not_confirmed,unknown,legacy_without_field_source,,,,
colt-technology-services,f13_qos_and_traffic_shaping,yes,not_confirmed,unknown,legacy_without_field_source,,,,
colt-technology-services,f14_packet_loss_remediation,yes,not_confirmed,unknown,legacy_without_field_source,,,,
colt-technology-services,f15_local_internet_breakout,yes,not_confirmed,yes,legacy_without_field_source,https://coltonlinehelp.colt.net/sd-wan-external-service-guide/,"Native, confirmed directly by name - 'secure local internet breakout' named explicitly as a core integrated-firewall capability [4] Native, confirmed directly by name - 'secure local internet breakout' named explicitly as a core integrated-firewall capability",2026-07-22T00:00:00.000Z,2026-12-30T00:00:00Z
colt-technology-services,f16_mpls_coexistence_and_migration,yes,yes,unknown,same_grade,,,,
colt-technology-services,f17_cellular_and_5g_support,yes,not_confirmed,yes,dated_sourced_difference,https://coltonlinehelp.colt.net/sd-wan-external-service-guide/,"Colt SD WAN services can be provided over public internet – broadband Internet and business internet – dedicated internet access (DIA) connectivity (using any and all transport technologies like xDSL, wireless 3G/4G/LTE/5G (only available in EU for Colt provided SIMs, no limitation for customer-owned), Ethernet or traditional MPLS regardless of whether Colt is providing that underlying connectivity or not. 4G and 5G are supported as transport, and SIM management is evidenced both ways: Colt provided SIMs (EU only) or customer-owned SIMs with no geographic limitation. A separate wireless option is delivered with Blue Wireless, a Singapore-based company, supplying a Cradlepoint mobile router with dual SIM, data, installation, operation and an SLA. Confidence is medium because the guide also states that by default 3G/4G/5G circuits should be used as backup only where fixed Internet and MPLS are available, and because no published evidence of signal monitoring was found. Note the sentence quoted is reproduced as printed, including its unclosed parenthesis and en dashes.",2026-07-29,2026-12-30T00:00:00Z
colt-technology-services,f18_cloud_on_ramp,yes,not_confirmed,yes,legacy_without_field_source,https://coltonlinehelp.colt.net/sd-wan-external-service-guide/,"Native, confirmed directly via the confirmed uCPE architecture, described as 'bringing cloud computing benefits from data centres to edge computing at customer' sites [4] Native, confirmed directly via the confirmed uCPE architecture, described as 'bringing cloud computing benefits from data centres to edge computing at customer' sites",2026-07-22T00:00:00.000Z,2026-12-30T00:00:00Z
colt-technology-services,f19_public_cloud_gateways,partial,not_confirmed,yes,dated_sourced_difference,https://coltonlinehelp.colt.net/sd-wan-external-service-guide/,"Native, confirmed directly via the confirmed uCPE architecture, described as 'bringing cloud computing benefits from data centres to edge computing at customer' sites [4] Native, confirmed directly via the confirmed uCPE architecture, described as 'bringing cloud computing benefits from data centres to edge computing at customer' sites",2026-07-22T00:00:00.000Z,2026-12-30T00:00:00Z
colt-technology-services,f20_private_pops_dedicated_pops,partial,not_confirmed,partial,dated_sourced_difference,https://www.colt.net/products/networking/sd-wan,"Sovereign SASE keeps data within its own network and in specific regions, avoiding third-party transfers and boosting control. Colt markets a Sovereign SASE deployment model and a Versa Hosted SASE Solution, and the product page describes sovereign SASE as a model where the organisation or a service provider hosts all components. That evidences regional and sovereign data control. Graded partial rather than yes because no page found describes a customer-hosted or single-tenant dedicated PoP as an orderable option with defined commercials; the published claim is about data residency within Colt's own network, which is not the same as a dedicated PoP.",2026-07-29,2026-12-30T00:00:00Z
colt-technology-services,f21_private_global_backbone,yes,not_confirmed,unknown,legacy_without_field_source,,,,
colt-technology-services,f22_regional_breakout_and_data_residency,yes,not_confirmed,unknown,legacy_without_field_source,,,,
colt-technology-services,f23_multi_cloud_transit_fabric,yes,not_confirmed,unknown,legacy_without_field_source,,,,
colt-technology-services,f24_flexible_edge_form_factors,yes,not_confirmed,yes,legacy_without_field_source,https://coltonlinehelp.colt.net/sd-wan-external-service-guide/,"Native, confirmed directly by name - 'uCPE allows customers to licence, manage, and monitor functions with flexible network options', with a specifically-named 'blue wireless CPE' attachable to 'any of the current standard Versa CPEs' [4] Native, confirmed directly by name - 'uCPE allows customers to licence, manage, and monitor functions with flexible network options', with a specifically-named 'blue wireless CPE' attachable to 'any of the current standard Versa CPEs'",2026-07-22T00:00:00.000Z,2026-12-30T00:00:00Z
colt-technology-services,f25_high_availability_design,yes,not_confirmed,yes,legacy_without_field_source,https://coltonlinehelp.colt.net/sd-wan-external-service-guide/,"Native, confirmed directly by name - 'Active/Active operation' and the confirmed dual resilient SIM architecture for the named Blue Wireless partnership specifically [4] [6] Native, confirmed directly by name - 'Active/Active operation' and the confirmed dual resilient SIM architecture for the named Blue Wireless partnership specifically",2026-07-22T00:00:00.000Z,2026-12-30T00:00:00Z
colt-technology-services,f26_sla_backed_service_fabric,yes,not_confirmed,yes,dated_sourced_difference,https://coltonlinehelp.colt.net/sd-wan-external-service-guide/,"SLA (for on-net circuits) | 99.90% | 99.90% | 99.95% | 99.90% | 99.95% | 99.90% | 99.95% The service guide publishes a contractual availability SLA differentiated by site package, 99.90% for XS/S/M/L and 99.95% for the S Plus, M Plus and L Plus tiers, and the guide is a service-guide-grade document rather than marketing. The wireless option is separately stated to guarantee 50% of contract speed. Confidence is medium on two counts: the SLA applies to on-net circuits only, and no published response-time, change-handling, latency, jitter or loss commitments were found. The quote is a table row, so a verifier should expect it rendered as a table rather than prose.",2026-07-29,2026-12-30T00:00:00Z
colt-technology-services,f27_integrated_next_generation_firewall,partner_integrated,not_confirmed,yes,dated_sourced_difference,https://coltonlinehelp.colt.net/sd-wan-external-service-guide/,"Native, confirmed directly and with genuine specificity - 'Colt SD WAN provides an integrated firewall with SD WAN which provides secure local internet breakout, provides DDoS protection and ability to create firewall policies and rules through customer portal' [4] None identified",2026-07-22T00:00:00.000Z,2026-12-30T00:00:00Z
colt-technology-services,f28_full_sase_platform,yes,not_confirmed,yes,legacy_without_field_source,https://coltonlinehelp.colt.net/sd-wan-external-service-guide/,"Native, and genuinely well-evidenced via Colt's own confirmed, substantial network scale combined with a confirmed, long-standing platform partnership [4] None identified",2026-07-22T00:00:00.000Z,2026-12-30T00:00:00Z
colt-technology-services,f29_sse_ecosystem_integration,yes,not_confirmed,unknown,legacy_without_field_source,,,,
colt-technology-services,f30_zero_trust_network_access,yes,not_confirmed,yes,legacy_without_field_source,https://colt.net/resources/insights/colt-technology-services-brings-together-sd-wan-and-sse-features-in-new-integrated-full-sase-solution,"Native, confirmed with genuine specificity via a named product - Colt SD WAN Remote Access, 'based on Versa Secure Access (VSA)' [2] None identified",2026-07-22T00:00:00.000Z,2026-12-30T00:00:00Z
colt-technology-services,f31_secure_web_gateway,yes,not_confirmed,yes,legacy_without_field_source,https://colt.net/resources/insights/colt-technology-services-brings-together-sd-wan-and-sse-features-in-new-integrated-full-sase-solution,"Native, confirmed directly by name - 'Versa Secure Web Gateway, a secure web access solution that offers organisations protection from malware and threats' [2] None identified",2026-07-22T00:00:00.000Z,2026-12-30T00:00:00Z
colt-technology-services,f32_casb_capability,partial,not_confirmed,unknown,legacy_without_field_source,,,,
colt-technology-services,f33_data_loss_prevention,unknown,not_confirmed,unknown,same_grade,,,,
colt-technology-services,f34_remote_user_access,yes,not_confirmed,unknown,legacy_without_field_source,,,,
colt-technology-services,f35_soc_siem_soar_integration,yes,not_confirmed,unknown,legacy_without_field_source,,,,
colt-technology-services,f36_centralised_orchestration,yes,not_confirmed,unknown,legacy_without_field_source,,,,
colt-technology-services,f37_customer_portal_and_rbac,yes,not_confirmed,unknown,legacy_without_field_source,,,,
colt-technology-services,f38_observability_and_digital_experience_monitoring,yes,not_confirmed,unknown,legacy_without_field_source,,,,
colt-technology-services,f39_apis_and_automation,partial,not_confirmed,unknown,legacy_without_field_source,,,,
colt-technology-services,f40_managed_service_assurance,partial,not_confirmed,unknown,dated_sourced_difference,,,,
comcast-business,f01_fully_managed_service,yes,yes,yes,same_grade,,,,
comcast-business,f02_diy_self_managed_model,partial,not_confirmed,unknown,legacy_without_field_source,,,,
comcast-business,f03_co_managed_service,yes,yes,yes,same_grade,,,,
comcast-business,f04_multi_tenant_msp_white_label_support,partial,not_confirmed,unknown,dated_sourced_difference,,,,
comcast-business,f05_professional_services_and_migration_support,partial,not_confirmed,unknown,dated_sourced_difference,,,,
comcast-business,f06_last_mile_circuit_management,yes,not_confirmed,unknown,legacy_without_field_source,,,,
comcast-business,f07_lifecycle_management,partial,not_confirmed,partial,dated_sourced_difference,https://business.comcast.com/enterprise/products-services/sd-wan-solutions/sd-wan,"Equipment replacement SLA — 24x7x4 (On-Net) and 8X5XNBD (Off-Net) Hardware replacement is contractually covered as part of the managed service. No statement found on the pages reviewed covering firmware upgrades, patching, renewals or end-of-life planning, so graded partial. CPE is Fortinet hardware per the Masergy product sheet.",2026-07-29,2026-12-30T00:00:00Z
comcast-business,f08_flexible_commercial_model,yes,not_confirmed,unknown,legacy_without_field_source,,,,
comcast-business,f09_encrypted_overlay_fabric,yes,yes,yes,same_grade,,,,
comcast-business,f10_dynamic_path_selection,yes,not_confirmed,unknown,legacy_without_field_source,,,,
comcast-business,f11_active_active_link_utilisation,yes,not_confirmed,unknown,legacy_without_field_source,,,,
comcast-business,f12_application_aware_routing,yes,not_confirmed,unknown,legacy_without_field_source,,,,
comcast-business,f13_qos_and_traffic_shaping,yes,not_confirmed,unknown,legacy_without_field_source,,,,
comcast-business,f14_packet_loss_remediation,yes,not_confirmed,unknown,legacy_without_field_source,,,,
comcast-business,f15_local_internet_breakout,yes,not_confirmed,unknown,legacy_without_field_source,,,,
comcast-business,f16_mpls_coexistence_and_migration,yes,not_confirmed,unknown,legacy_without_field_source,,,,
comcast-business,f17_cellular_and_5g_support,partial,not_confirmed,partial,dated_sourced_difference,https://business.comcast.com/enterprise/products-services/sd-wan-solutions/sd-wan,"Help keep your network running with 4G LTE backup. 4G LTE is documented as a backup transport. No evidence found on the pages reviewed for 5G, for cellular as a primary transport, or for SIM management and signal monitoring, so graded partial.",2026-07-29,2026-12-30T00:00:00Z
comcast-business,f18_cloud_on_ramp,yes,not_confirmed,unknown,legacy_without_field_source,,,,
comcast-business,f19_public_cloud_gateways,partner_integrated,not_confirmed,partner_integrated,dated_sourced_difference,https://corporate.comcast.com/press/releases/comcast-business-fortinet-secure-enterprise-application-access-sase-sse-solutions,"Comcast Business Secure Gateways are hosted across the United States at Equinix data centers, offering up to 10 gigabits per second (Gbps) of cloud connectivity for public, private, or hybrid cloud deployments. Comcast Business brands and operates the Secure Gateways, but the enforcement stack is Fortinet technology and the hosting fabric is Equinix, per the same release: ""Fortinet's security-driven networking technology and Equinix's flexible cloud connection Equinix Fabric™ for a complete secure network service."" Under the definition this is partner_integrated, not yes. Footprint stated as United States only.",2026-07-29,2026-12-30T00:00:00Z
comcast-business,f20_private_pops_dedicated_pops,unknown,not_confirmed,unknown,same_grade,,,,
comcast-business,f21_private_global_backbone,partial,not_confirmed,unknown,dated_sourced_difference,,,,
comcast-business,f22_regional_breakout_and_data_residency,yes,not_confirmed,unknown,legacy_without_field_source,,,,
comcast-business,f23_multi_cloud_transit_fabric,yes,not_confirmed,unknown,legacy_without_field_source,,,,
comcast-business,f24_flexible_edge_form_factors,yes,not_confirmed,unknown,legacy_without_field_source,,,,
comcast-business,f25_high_availability_design,yes,not_confirmed,unknown,legacy_without_field_source,,,,
comcast-business,f26_sla_backed_service_fabric,yes,not_confirmed,unknown,dated_sourced_difference,,,,
comcast-business,f27_integrated_next_generation_firewall,partner_integrated,not_confirmed,yes,dated_sourced_difference,https://business.comcast.com/resources/enterprise/articles/uniting-managed-sase-and-connectivity-for-scalable-networking-and-security,"Native, confirmed directly by name - 'Firewall as a Service: Next-generation Firewall for network traffic inspection and security' None identified",2026-07-22T00:00:00.000Z,2026-12-30T00:00:00Z
comcast-business,f28_full_sase_platform,yes,partial,yes,legacy_without_field_source,https://business.comcast.com/enterprise/products-services/secure-networking/sase,"Native, confirmed directly and with genuine specificity - 'Zero-trust network access (ZTNA): Verifies the identity of every user and device before allowing them to access internal resources by setting up one-to-one encrypted connections' None identified",2026-07-22T00:00:00.000Z,2026-12-30T00:00:00Z
comcast-business,f29_sse_ecosystem_integration,yes,not_confirmed,unknown,legacy_without_field_source,,,,
comcast-business,f30_zero_trust_network_access,yes,not_confirmed,yes,legacy_without_field_source,https://business.comcast.com/enterprise/products-services/secure-networking/sase,"Native, confirmed directly and with genuine specificity - 'Zero-trust network access (ZTNA): Verifies the identity of every user and device before allowing them to access internal resources by setting up one-to-one encrypted connections' None identified",2026-07-22T00:00:00.000Z,2026-12-30T00:00:00Z
comcast-business,f31_secure_web_gateway,yes,not_confirmed,yes,legacy_without_field_source,https://business.comcast.com/resources/enterprise/articles/uniting-managed-sase-and-connectivity-for-scalable-networking-and-security,"Native, confirmed directly by name as a core SASE component - 'Secure Web Gateway (SWG): On-premise or cloud-based Internet traffic filtering' None identified",2026-07-22T00:00:00.000Z,2026-12-30T00:00:00Z
comcast-business,f32_casb_capability,yes,not_confirmed,yes,legacy_without_field_source,https://business.comcast.com/resources/enterprise/articles/uniting-managed-sase-and-connectivity-for-scalable-networking-and-security,"Native, confirmed directly by name - 'Cloud Access Security Broker (CASB): To secure access to cloud applications' Specific inline-versus-API-mode technical detail not itemised",2026-07-22T00:00:00.000Z,2026-12-30T00:00:00Z
comcast-business,f33_data_loss_prevention,partner_integrated,not_confirmed,partner_integrated,dated_sourced_difference,https://corporate.comcast.com/press/releases/comcast-business-fortinet-secure-enterprise-application-access-sase-sse-solutions,"Firewall-as-a-Service (FWaaS), Intrusion Prevention (IPS), Data Loss Prevention (DLP), Cloud Access Security Brokers (CASB), and Zero Trust Network Access (ZTNA). DLP is named as part of the SASE/SSE offer but is delivered on Fortinet's security-driven networking technology, so partner_integrated rather than yes. No detail found on classification depth, blocking versus flagging, alerting or exception workflows.",2026-07-29,2026-12-30T00:00:00Z
comcast-business,f34_remote_user_access,yes,not_confirmed,unknown,legacy_without_field_source,,,,
comcast-business,f35_soc_siem_soar_integration,yes,not_confirmed,unknown,legacy_without_field_source,,,,
comcast-business,f36_centralised_orchestration,yes,not_confirmed,unknown,legacy_without_field_source,,,,
comcast-business,f37_customer_portal_and_rbac,yes,not_confirmed,unknown,legacy_without_field_source,,,,
comcast-business,f38_observability_and_digital_experience_monitoring,yes,not_confirmed,unknown,legacy_without_field_source,,,,
comcast-business,f39_apis_and_automation,partial,not_confirmed,unknown,legacy_without_field_source,,,,
comcast-business,f40_managed_service_assurance,partial,not_confirmed,unknown,dated_sourced_difference,,,,
cradlepoint-ericsson,f01_fully_managed_service,not_primary,yes,yes,dated_sourced_difference,,,,
cradlepoint-ericsson,f02_diy_self_managed_model,yes,yes,yes,same_grade,,,,
cradlepoint-ericsson,f03_co_managed_service,unknown,not_confirmed,unknown,same_grade,,,,
cradlepoint-ericsson,f04_multi_tenant_msp_white_label_support,partial,not_confirmed,partial,dated_sourced_difference,https://cradlepoint.ericsson.com/about/how-to-buy,"Enterprise Wireless products are sold through our world-class global ecosystem of distributors, resellers, managed service providers, and integrators. Managed service providers are an explicit channel and the partner programme names a service provider category that builds managed offerings on the platform, which implies multi customer operation. However no page reviewed documents tenant isolation, delegated administration, branded portals or templates under the partner's own brand, so this is graded partial rather than yes. NetCloud Manager subaccount structure is referenced in the security page bullets but not in language firm enough to quote for white labelling.",2026-07-29,2026-12-30T00:00:00Z
cradlepoint-ericsson,f05_professional_services_and_migration_support,partner_integrated,not_confirmed,partner_integrated,dated_sourced_difference,https://cradlepoint.ericsson.com/about/how-to-buy,"These specialized partners have deep knowledge of our products and offer an array of high-value services. Design, integration and implementation services are attributed to the reseller and integrator channel rather than to an Ericsson Cradlepoint professional services organisation. The vendor supplies training and certification directly, but no discovery, pilot, staging, migration runbook or rollback offering was found on the pages reviewed, so the capability is graded as delivered through partners.",2026-07-29,2026-12-30T00:00:00Z
cradlepoint-ericsson,f06_last_mile_circuit_management,partner_integrated,not_confirmed,unknown,legacy_without_field_source,,,,
cradlepoint-ericsson,f07_lifecycle_management,yes,not_confirmed,yes,dated_sourced_difference,https://cradlepoint.com/products/netcloud-service/,"Your wireless edge routers and adapters, or endpoints, include a product warranty for the duration of your active NetCloud Essential or Advanced subscription. Hardware warranty runs for the life of the subscription and the same page states that NetCloud Manager continuously delivers real time cloud and device operating software updates to 5G and LTE endpoints, so firmware and software currency are part of the subscription. End of life planning and renewal management are implied by the subscription continuity wording but are not separately documented.",2026-07-29,2026-12-30T00:00:00Z
cradlepoint-ericsson,f08_flexible_commercial_model,yes,not_confirmed,unknown,legacy_without_field_source,,,,
cradlepoint-ericsson,f09_encrypted_overlay_fabric,yes,yes,yes,same_grade,,,,
cradlepoint-ericsson,f10_dynamic_path_selection,yes,not_confirmed,yes,legacy_without_field_source,https://cradlepoint.com/products/netcloud-sase/,"Native, confirmed directly via the named cellular-attribute-based traffic steering capability [15] Native, confirmed directly via the named cellular-attribute-based traffic steering capability",2026-07-22T00:00:00.000Z,2026-12-30T00:00:00Z
cradlepoint-ericsson,f11_active_active_link_utilisation,yes,not_confirmed,unknown,legacy_without_field_source,,,,
cradlepoint-ericsson,f12_application_aware_routing,yes,not_confirmed,unknown,legacy_without_field_source,,,,
cradlepoint-ericsson,f13_qos_and_traffic_shaping,yes,not_confirmed,yes,legacy_without_field_source,https://cradlepoint.com/products/netcloud-sase/,"Native, confirmed directly and with genuine specificity - 5G standalone network slicing 'for guaranteed bandwidth' is a specific, named, technically distinctive QoS mechanism [15] Native, confirmed directly and with genuine specificity - 5G standalone network slicing 'for guaranteed bandwidth' is a specific, named, technically distinctive QoS mechanism",2026-07-22T00:00:00.000Z,2026-12-30T00:00:00Z
cradlepoint-ericsson,f14_packet_loss_remediation,yes,not_confirmed,unknown,legacy_without_field_source,,,,
cradlepoint-ericsson,f15_local_internet_breakout,yes,not_confirmed,unknown,legacy_without_field_source,,,,
cradlepoint-ericsson,f16_mpls_coexistence_and_migration,yes,not_confirmed,unknown,legacy_without_field_source,,,,
cradlepoint-ericsson,f17_cellular_and_5g_support,yes,not_confirmed,yes,dated_sourced_difference,https://cradlepoint.com/products/netcloud-sase/,"With benefits like traffic steering based on cellular attributes and network slicing for guaranteed bandwidth as networks evolve to 5G standalone, NetCloud SASE enables fast moving organizations to accelerate their transformation. This is the supplier's core competence. The data sheet additionally describes SD-WAN optimising traffic across wired, 5G and LTE, satellite, Wi-Fi as WAN, private APNs and 5G standalone network slices, and the endpoint range is built around integrated cellular modems. Traffic steering on cellular attributes evidences signal level awareness.",2026-07-29,2026-12-30T00:00:00Z
cradlepoint-ericsson,f18_cloud_on_ramp,partial,not_confirmed,yes,legacy_without_field_source,https://cradlepoint.com/products/netcloud-sase/,"Native, confirmed via the platform's fully cloud-managed architecture [15] Native, confirmed via the platform's fully cloud-managed architecture",2026-07-22T00:00:00.000Z,2026-12-30T00:00:00Z
cradlepoint-ericsson,f19_public_cloud_gateways,yes,not_confirmed,yes,dated_sourced_difference,https://cradlepoint.com/products/netcloud-sase/,"Native, confirmed via the platform's fully cloud-managed architecture [15] Native, confirmed via the platform's fully cloud-managed architecture",2026-07-22T00:00:00.000Z,2026-12-30T00:00:00Z
cradlepoint-ericsson,f20_private_pops_dedicated_pops,yes,not_confirmed,unknown,dated_sourced_difference,,,,
cradlepoint-ericsson,f21_private_global_backbone,unknown,not_confirmed,unknown,same_grade,,,,
cradlepoint-ericsson,f22_regional_breakout_and_data_residency,yes,not_confirmed,unknown,legacy_without_field_source,,,,
cradlepoint-ericsson,f23_multi_cloud_transit_fabric,partial,not_confirmed,unknown,legacy_without_field_source,,,,
cradlepoint-ericsson,f24_flexible_edge_form_factors,yes,not_confirmed,unknown,legacy_without_field_source,,,,
cradlepoint-ericsson,f25_high_availability_design,yes,not_confirmed,unknown,legacy_without_field_source,,,,
cradlepoint-ericsson,f26_sla_backed_service_fabric,unknown,not_confirmed,unknown,same_grade,,,,
cradlepoint-ericsson,f27_integrated_next_generation_firewall,yes,not_confirmed,unknown,dated_sourced_difference,,,,
cradlepoint-ericsson,f28_full_sase_platform,yes,partial,partial,legacy_without_field_source,,,,
cradlepoint-ericsson,f29_sse_ecosystem_integration,partial,not_confirmed,unknown,legacy_without_field_source,,,,
cradlepoint-ericsson,f30_zero_trust_network_access,partial,yes,yes,legacy_without_field_source,,,,
cradlepoint-ericsson,f31_secure_web_gateway,partial,not_confirmed,unknown,legacy_without_field_source,,,,
cradlepoint-ericsson,f32_casb_capability,unknown,not_confirmed,unknown,same_grade,,,,
cradlepoint-ericsson,f33_data_loss_prevention,unknown,not_confirmed,unknown,same_grade,,,,
cradlepoint-ericsson,f34_remote_user_access,partial,not_confirmed,yes,legacy_without_field_source,https://cradlepoint.com/products/netcloud-sase/,"Native, and genuinely a core, confirmed architectural principle - 'While other solutions require agents or special browsers, NetCloud SASE uses agent-less isolation-based security' [15] None identified",2026-07-22T00:00:00.000Z,2026-12-30T00:00:00Z
cradlepoint-ericsson,f35_soc_siem_soar_integration,partial,not_confirmed,unknown,legacy_without_field_source,,,,
cradlepoint-ericsson,f36_centralised_orchestration,yes,not_confirmed,unknown,legacy_without_field_source,,,,
cradlepoint-ericsson,f37_customer_portal_and_rbac,yes,not_confirmed,unknown,legacy_without_field_source,,,,
cradlepoint-ericsson,f38_observability_and_digital_experience_monitoring,yes,not_confirmed,unknown,legacy_without_field_source,,,,
cradlepoint-ericsson,f39_apis_and_automation,partial,not_confirmed,unknown,legacy_without_field_source,,,,
cradlepoint-ericsson,f40_managed_service_assurance,partial,not_confirmed,partial,dated_sourced_difference,https://cradlepoint.com/support/,"Support is one of the most valuable tools within a NetCloud subscription and is staffed by accredited network engineers Round the clock global support is documented, with centres in Boise, London and Melbourne and direct access to the engineering organisation, and a public NetCloud status page exists for incident notification. What is not documented on any page reviewed is a 24/7 NOC and SOC proactively monitoring the customer's service, incident ownership through to root cause analysis, structured service reviews or change governance, so this falls short of the full definition.",2026-07-29,2026-12-30T00:00:00Z
expereo,f01_fully_managed_service,,yes,yes,no_legacy_record,,,,
expereo,f02_diy_self_managed_model,,not_confirmed,unknown,no_legacy_record,,,,
expereo,f03_co_managed_service,,yes,yes,no_legacy_record,,,,
expereo,f04_multi_tenant_msp_white_label_support,,not_confirmed,unknown,no_legacy_record,,,,
expereo,f05_professional_services_and_migration_support,,yes,yes,no_legacy_record,,,,
expereo,f06_last_mile_circuit_management,,not_confirmed,unknown,no_legacy_record,,,,
expereo,f07_lifecycle_management,,not_confirmed,unknown,no_legacy_record,,,,
expereo,f08_flexible_commercial_model,,not_confirmed,unknown,no_legacy_record,,,,
expereo,f09_encrypted_overlay_fabric,,partner_integrated,partner_integrated,no_legacy_record,,,,
expereo,f10_dynamic_path_selection,,not_confirmed,yes,no_legacy_record,https://expereo.com/resources/brochures/sd-wan,"Native, confirmed directly by name - 'AI-enabled dynamic routing for reliable and predictable networks' Native, confirmed directly by name - 'AI-enabled dynamic routing for reliable and predictable networks'",2026-07-22T00:00:00.000Z,2026-12-30T00:00:00Z
expereo,f11_active_active_link_utilisation,,not_confirmed,unknown,no_legacy_record,,,,
expereo,f12_application_aware_routing,,not_confirmed,unknown,no_legacy_record,,,,
expereo,f13_qos_and_traffic_shaping,,not_confirmed,yes,no_legacy_record,https://expereo.com/services/sd-wan,"Native, confirmed directly - 'Easier management with the ability to set routing, traffic thresholds and access policies to suit your business' Native, confirmed directly - 'Easier management with the ability to set routing, traffic thresholds and access policies to suit your business'",2026-07-22T00:00:00.000Z,2026-12-30T00:00:00Z
expereo,f14_packet_loss_remediation,,not_confirmed,unknown,no_legacy_record,,,,
expereo,f15_local_internet_breakout,,not_confirmed,unknown,no_legacy_record,,,,
expereo,f16_mpls_coexistence_and_migration,,yes,unknown,no_legacy_record,,,,
expereo,f17_cellular_and_5g_support,,not_confirmed,unknown,no_legacy_record,,,,
expereo,f18_cloud_on_ramp,,not_confirmed,unknown,no_legacy_record,,,,
expereo,f19_public_cloud_gateways,,not_confirmed,unknown,no_legacy_record,,,,
expereo,f20_private_pops_dedicated_pops,,not_confirmed,unknown,no_legacy_record,,,,
expereo,f21_private_global_backbone,,not_confirmed,unknown,no_legacy_record,,,,
expereo,f22_regional_breakout_and_data_residency,,not_confirmed,unknown,no_legacy_record,,,,
expereo,f23_multi_cloud_transit_fabric,,not_confirmed,unknown,no_legacy_record,,,,
expereo,f24_flexible_edge_form_factors,,not_confirmed,unknown,no_legacy_record,,,,
expereo,f25_high_availability_design,,not_confirmed,unknown,no_legacy_record,,,,
expereo,f26_sla_backed_service_fabric,,not_confirmed,unknown,no_legacy_record,,,,
expereo,f27_integrated_next_generation_firewall,,not_confirmed,yes,no_legacy_record,https://expereo.com/sd-wan,"Native, confirmed directly - 'Includes integrated security features such as encryption and firewall capabilities' None identified",2026-07-22T00:00:00.000Z,2026-12-30T00:00:00Z
expereo,f28_full_sase_platform,,partial,partial,no_legacy_record,,,,
expereo,f29_sse_ecosystem_integration,,not_confirmed,unknown,no_legacy_record,,,,
expereo,f30_zero_trust_network_access,,not_confirmed,unknown,no_legacy_record,,,,
expereo,f31_secure_web_gateway,,not_confirmed,unknown,no_legacy_record,,,,
expereo,f32_casb_capability,,not_confirmed,unknown,no_legacy_record,,,,
expereo,f33_data_loss_prevention,,not_confirmed,unknown,no_legacy_record,,,,
expereo,f34_remote_user_access,,not_confirmed,unknown,no_legacy_record,,,,
expereo,f35_soc_siem_soar_integration,,not_confirmed,unknown,no_legacy_record,,,,
expereo,f36_centralised_orchestration,,yes,yes,no_legacy_record,,,,
expereo,f37_customer_portal_and_rbac,,not_confirmed,unknown,no_legacy_record,,,,
expereo,f38_observability_and_digital_experience_monitoring,,yes,yes,no_legacy_record,,,,
expereo,f39_apis_and_automation,,not_confirmed,unknown,no_legacy_record,,,,
expereo,f40_managed_service_assurance,,not_confirmed,unknown,no_legacy_record,,,,
forcepoint,f01_fully_managed_service,not_primary,not_confirmed,not_primary,dated_sourced_difference,https://www.forcepoint.com/product/secure-sd-wan,"A managed SD-WAN is a service where a provider handles the deployment, configuration, monitoring and optimisation of your WAN. Forcepoint's own SD-WAN page defines managed SD-WAN generically as something 'a provider' delivers, and does not claim Forcepoint itself designs, deploys, monitors and reports on the service end to end. The partner programme page frames managed services as certified partner revenue. No Forcepoint-operated fully managed offer was found on the vendor pages reviewed.",2026-07-29,2026-12-30T00:00:00Z
forcepoint,f02_diy_self_managed_model,yes,yes,yes,same_grade,,,,
forcepoint,f03_co_managed_service,unknown,not_confirmed,unknown,same_grade,,,,
forcepoint,f04_multi_tenant_msp_white_label_support,partial,not_confirmed,partial,dated_sourced_difference,https://www.forcepoint.com/resources/datasheets/flexedge-secure-sd-wan-manager,"Forcepoint Administrative Domain License enables multiple customer environments to be managed through a single management server. The SD-WAN Manager datasheet evidences tenant isolation and delegated administration: it also states 'Allows division of the environment into isolated configuration domains' and names MSSPs directly. Graded partial rather than yes because no evidence of branded or white-label portals was found on any page reviewed, and the partner programme page contains no MSP, MSSP, white label or multi-tenant terms.",2026-07-29,2026-12-30T00:00:00Z
forcepoint,f05_professional_services_and_migration_support,partial,not_confirmed,partial,dated_sourced_difference,https://www.forcepoint.com/services/implementation-packages,"Resources and deliverables aligned to your deployment needs and timeline Packaged implementation services and consulting are published, and the Cybersecurity Services page lists 'Implementation Packages for our award-winning products' and 'Data Security Consulting customized to your organization's needs'. Graded partial because the pages reviewed do not describe discovery, pilots, staging, migration runbooks or rollback plans.",2026-07-29,2026-12-30T00:00:00Z
forcepoint,f06_last_mile_circuit_management,partner_integrated,not_confirmed,unknown,legacy_without_field_source,,,,
forcepoint,f07_lifecycle_management,partial,not_confirmed,partial,dated_sourced_difference,https://www.forcepoint.com/resources/datasheets/forcepoint-technical-support-offerings,"Next Generation Firewall (NGFW) appliances (both N and S-series) now have RMA support included Hardware replacement is included in the support contract, with an option to 'upgrade to next business day or same day RMA service'. The SD-WAN Manager datasheet adds 'Upgrades and dynamic update packages for managed devices can be automatically downloaded' and 'Remote Upgrades One-click fail-safe remote upgrade of the managed engines'. Graded partial because upgrades and patching are customer-executed platform features rather than work performed for the customer as part of a service, and no end-of-life planning service was found.",2026-07-29,2026-12-30T00:00:00Z
forcepoint,f08_flexible_commercial_model,yes,not_confirmed,unknown,legacy_without_field_source,,,,
forcepoint,f09_encrypted_overlay_fabric,yes,yes,yes,same_grade,,,,
forcepoint,f10_dynamic_path_selection,yes,not_confirmed,unknown,legacy_without_field_source,,,,
forcepoint,f11_active_active_link_utilisation,yes,not_confirmed,unknown,legacy_without_field_source,,,,
forcepoint,f12_application_aware_routing,yes,yes,yes,same_grade,,,,
forcepoint,f13_qos_and_traffic_shaping,yes,not_confirmed,unknown,legacy_without_field_source,,,,
forcepoint,f14_packet_loss_remediation,yes,not_confirmed,unknown,legacy_without_field_source,,,,
forcepoint,f15_local_internet_breakout,yes,not_confirmed,unknown,legacy_without_field_source,,,,
forcepoint,f16_mpls_coexistence_and_migration,yes,not_confirmed,unknown,legacy_without_field_source,,,,
forcepoint,f17_cellular_and_5g_support,yes,not_confirmed,yes,dated_sourced_difference,https://www.forcepoint.com/resources/datasheets/forcepoint-ngfw-120-series-appliance,"For LTE without Wi-Fi, Forcepoint offers the 120L model with LTE support and 125L model with LTE/5G support. The 120 Series datasheet also states 'Optional Wi-Fi and LTE/5G connectivity' and lists supported LTE and 5G NR band tables, so integrated cellular is a shipped hardware capability. SIM management and signal monitoring specifics were not located in the pages reviewed.",2026-07-29,2026-12-30T00:00:00Z
forcepoint,f18_cloud_on_ramp,yes,not_confirmed,unknown,legacy_without_field_source,,,,
forcepoint,f19_public_cloud_gateways,partial,not_confirmed,unknown,dated_sourced_difference,,,,
forcepoint,f20_private_pops_dedicated_pops,unknown,not_confirmed,unknown,same_grade,,,,
forcepoint,f21_private_global_backbone,unknown,not_confirmed,unknown,same_grade,,,,
forcepoint,f22_regional_breakout_and_data_residency,partial,not_confirmed,unknown,legacy_without_field_source,,,,
forcepoint,f23_multi_cloud_transit_fabric,yes,not_confirmed,unknown,legacy_without_field_source,,,,
forcepoint,f24_flexible_edge_form_factors,yes,yes,yes,same_grade,,,,
forcepoint,f25_high_availability_design,yes,not_confirmed,unknown,legacy_without_field_source,,,,
forcepoint,f26_sla_backed_service_fabric,partial,not_confirmed,partial,dated_sourced_difference,https://www.forcepoint.com/resources/datasheets/forcepoint-technical-support-offerings,"24/7 availability for your most critical issues. The Technical Support Offerings datasheet publishes tiered severity response targets ('Severity 1 1 hour' for Essential, 'Severity 1 45 minutes' for Enhanced, 'Severity 1 30 minutes' for Enterprise) and states 'Severity 1 issues use a follow-the-sun approach; Forcepoint technicians are always available'. Graded partial because these are support response commitments only: no uptime percentage, and no latency, jitter, loss or change handling commitments were found in the pages reviewed.",2026-07-29,2026-12-30T00:00:00Z
forcepoint,f27_integrated_next_generation_firewall,yes,yes,yes,same_grade,,,,
forcepoint,f28_full_sase_platform,partial,yes,yes,legacy_without_field_source,,,,
forcepoint,f29_sse_ecosystem_integration,partial,not_confirmed,unknown,legacy_without_field_source,,,,
forcepoint,f30_zero_trust_network_access,yes,yes,yes,same_grade,,,,
forcepoint,f31_secure_web_gateway,partial,yes,yes,legacy_without_field_source,,,,
forcepoint,f32_casb_capability,partial,yes,yes,legacy_without_field_source,https://forcepoint.com/sites/default/files/resources/brochures/whitepaper_forcepoint_one_differentiation_en_0_0_0_0_0.pdf,"Native, confirmed explicitly alongside inline modes [10] None identified",2026-07-22T00:00:00.000Z,2026-12-30T00:00:00Z
forcepoint,f33_data_loss_prevention,yes,yes,yes,same_grade,https://forcepoint.com/use-case/incident-and-breach-response,"Native, confirmed - Forcepoint DLP provides 'continuous monitoring' across data at rest, in use, and in transit, per Forcepoint's own materials and independent analyst recognition [36] None identified",2026-07-22T00:00:00.000Z,2026-12-30T00:00:00Z
forcepoint,f34_remote_user_access,yes,not_confirmed,yes,legacy_without_field_source,https://forcepoint.com/sites/default/files/resources/brochures/whitepaper_forcepoint_one_differentiation_en_0_0_0_0_0.pdf,"Native, confirmed via the CASB/SWG gateway architecture supporting unmanaged devices without requiring an agent [10] None identified",2026-07-22T00:00:00.000Z,2026-12-30T00:00:00Z
forcepoint,f35_soc_siem_soar_integration,yes,yes,yes,same_grade,,,,
forcepoint,f36_centralised_orchestration,yes,not_confirmed,yes,legacy_without_field_source,https://cyberdefensemagazine.com/innovator-spotlight-forcepoints-data-security-cloud-redefining-data-protection-in-the-ai-era/,"Confirmed as part of ARIA's function - assists in 'creating, refining, and enforcing data protection policies' [25] Same as above",2026-07-22T00:00:00.000Z,2026-12-30T00:00:00Z
forcepoint,f37_customer_portal_and_rbac,yes,not_confirmed,unknown,legacy_without_field_source,,,,
forcepoint,f38_observability_and_digital_experience_monitoring,yes,not_confirmed,unknown,legacy_without_field_source,,,,
forcepoint,f39_apis_and_automation,partial,not_confirmed,unknown,legacy_without_field_source,,,,
forcepoint,f40_managed_service_assurance,unknown,not_confirmed,unknown,same_grade,,,,
fortinet,f01_fully_managed_service,yes,not_confirmed,yes,dated_sourced_difference,https://www.fortinet.com/content/dam/fortinet/assets/data-sheets/managed-fortigate-svc.pdf,"Ensure FortiGates, FortiAPs, FortiSwitches and FortiExtenders are quickly and correctly deployed, configured to best practices Fortinet itself operates Managed FortiGate Service (MFGS), in which Fortinet NOC staff carry out deployment, configuration, provisioning and ongoing change management. The solution page adds ""Deployment, configuration, provisioning, and regular changes"" and ""Evaluate, implement, and verify configuration changes"". Note that this is a managed wrap around Fortinet's own appliances rather than an end-to-end managed WAN including circuits; most fully managed Fortinet SD-WAN in the market is delivered by carrier and MSSP partners rather than by Fortinet.",2026-07-29,2026-12-30T00:00:00Z
fortinet,f02_diy_self_managed_model,yes,yes,yes,same_grade,,,,
fortinet,f03_co_managed_service,unknown,not_confirmed,unknown,same_grade,,,,
fortinet,f04_multi_tenant_msp_white_label_support,partial,not_confirmed,partial,dated_sourced_difference,https://www.fortinet.com/content/dam/fortinet/assets/data-sheets/fortisase.pdf,"The portal offers centralized multi-tenant management and configuration capabilities, enabling MSSPs to efficiently deploy and manage SASE services across their client base. Tenant isolation and delegated administration are evidenced: the FortiSASE datasheet describes an MSSP Portal, and the service provider page states ""Fortinet solutions are multi-tenant from the ground up, enabling MSPs and MSSPs to isolate and manage multiple customer networks from a single administrative console."" Graded partial rather than yes because no page reviewed evidences branded or white-label portals for the MSP's own brand, and because the FortiSASE MSSP architecture guide qualifies the model by saying each customer gets a separate isolated instance. See conflicts.",2026-07-29,2026-12-30T00:00:00Z
fortinet,f05_professional_services_and_migration_support,yes,yes,yes,same_grade,,,,
fortinet,f06_last_mile_circuit_management,partner_integrated,not_confirmed,unknown,legacy_without_field_source,,,,
fortinet,f07_lifecycle_management,yes,not_confirmed,yes,dated_sourced_difference,https://www.fortinet.com/content/dam/fortinet/assets/data-sheets/managed-fortigate-svc.pdf,"Let MFGS experts handle your firmware upgrades to maximize effectiveness and minimize risk Firmware upgrade and patching are handled as part of Managed FortiGate Service, which also states ""Automatically trigger patching for vulnerabilities with a severity rating of medium or higher"". The FortiCare support page covers hardware replacement (""Meet your availability requirements with our Priority RMA Services."") and describes ""comprehensive lifecycle services"". Explicit end-of-life planning and renewals handling as part of the service were not found.",2026-07-29,2026-12-30T00:00:00Z
fortinet,f08_flexible_commercial_model,yes,not_confirmed,unknown,legacy_without_field_source,,,,
fortinet,f09_encrypted_overlay_fabric,yes,not_confirmed,yes,legacy_without_field_source,https://www.fortinet.com/content/dam/fortinet/assets/data-sheets/fortinet_secure_sdwan.pdf,Fortinet documents IPsec tunnel configuration for its SD-WAN overlay. FortiGate Secure SD-WAN supports an IPsec overlay. This is a configurable platform capability; it does not establish a managed service or a deployment-specific throughput/SLA.,2026-10-01,2026-12-30T00:00:00Z
fortinet,f10_dynamic_path_selection,yes,not_confirmed,unknown,legacy_without_field_source,,,,
fortinet,f11_active_active_link_utilisation,yes,not_confirmed,unknown,legacy_without_field_source,,,,
fortinet,f12_application_aware_routing,yes,not_confirmed,unknown,legacy_without_field_source,,,,
fortinet,f13_qos_and_traffic_shaping,yes,not_confirmed,unknown,legacy_without_field_source,,,,
fortinet,f14_packet_loss_remediation,yes,yes,unknown,same_grade,,,,
fortinet,f15_local_internet_breakout,yes,yes,yes,same_grade,,,,
fortinet,f16_mpls_coexistence_and_migration,yes,yes,unknown,same_grade,,,,
fortinet,f17_cellular_and_5g_support,yes,not_confirmed,yes,dated_sourced_difference,https://www.fortinet.com/products/extender,"FortiExtender cellular gateways and routers provide secure 5G/LTE connectivity for any deployment. FortiExtender is Fortinet's own product line. The page also states ""Easily provision 5G or LTE wireless WAN, high availability, and failover, as well as out-of-band management (OOB) and private 5G/LTE."" and ""FortiExtender 5G/LTE Wireless WAN gateways come equipped with Dual SIM and Dual Modem capabilities for fast failover and active/active cellular connectivity."" covering dual SIM and both primary and failover transport. Signal quality is addressed by ""FortiExtender cellular gateways and routers ensure optimal signal reception, minimal attenuation, and the best experience.""",2026-07-29,2026-12-30T00:00:00Z
fortinet,f18_cloud_on_ramp,yes,yes,yes,same_grade,,,,
fortinet,f19_public_cloud_gateways,yes,not_confirmed,unknown,dated_sourced_difference,,,,
fortinet,f20_private_pops_dedicated_pops,unknown,not_confirmed,unknown,same_grade,,,,
fortinet,f21_private_global_backbone,partial,not_confirmed,unknown,dated_sourced_difference,,,,
fortinet,f22_regional_breakout_and_data_residency,yes,not_confirmed,unknown,legacy_without_field_source,,,,
fortinet,f23_multi_cloud_transit_fabric,yes,yes,yes,same_grade,,,,
fortinet,f24_flexible_edge_form_factors,yes,not_confirmed,unknown,legacy_without_field_source,,,,
fortinet,f25_high_availability_design,yes,yes,yes,same_grade,,,,
fortinet,f26_sla_backed_service_fabric,yes,not_confirmed,yes,dated_sourced_difference,https://www.fortinet.com/content/dam/fortinet/assets/data-sheets/fortisase.pdf,"Fortinet delivers 99.999% SLA with latency guarantee for security inspection, which is possible because of global reach with hundreds of security PoPs. Contractual rather than best-effort. Fortinet's own G-Cloud 14 FortiSASE service definition sets out availability tiers (Management Portal 99.99%, Individual Security POPs 99.99%, Overall service in high availability configuration 99.999%) and commits that ""FortiSASE cloud platform is managed by Fortinet on a twenty-four (24) hours a day by seven (7) days a week basis and is monitored for hardware availability, service capacity, and network resource utilization."" Support response commitments come via ""24 x 7 FortiCare Technical Support"". A latency commitment is claimed alongside uptime. Change handling commitments were not found in the SLA text reviewed.",2026-07-29,2026-12-30T00:00:00Z
fortinet,f27_integrated_next_generation_firewall,yes,not_confirmed,yes,dated_sourced_difference,https://www.fortinet.com/products/sd-wan,"Secure SD-WAN, SSE, zero trust, wireless controller, LTE/5G gateway, and FortiGuard AI-Powered Security Services have the same OS, policy engine, and management plane. Native, not partner_integrated. Fortinet authors FortiOS and the FortiGate NGFW itself, and the SD-WAN function is a feature of the same operating system rather than a bolt-on appliance. The FortiSASE datasheet confirms the cloud-delivered equivalent: ""FortiSASE FWaaS is a cloud-based service that provides hyperscale, next-generation firewall (NGFW) capabilities, including web filtering, advanced threat protection (ATP), intrusion prevention system (IPS), and Domain Name System (DNS) security."" Stateful firewalling, application control, IPS, malware inspection and URL filtering are all in-platform.",2026-07-29,2026-12-30T00:00:00Z
fortinet,f28_full_sase_platform,yes,partial,partial,legacy_without_field_source,,,,
fortinet,f29_sse_ecosystem_integration,yes,not_confirmed,unknown,legacy_without_field_source,,,,
fortinet,f30_zero_trust_network_access,yes,not_confirmed,unknown,legacy_without_field_source,,,,
fortinet,f31_secure_web_gateway,yes,yes,yes,same_grade,,,,
fortinet,f32_casb_capability,yes,yes,yes,same_grade,,,,
fortinet,f33_data_loss_prevention,yes,not_confirmed,yes,dated_sourced_difference,https://www.fortinet.com/products/sase,"The FortiSASE DLP feature supports advanced data matching techniques, including pattern recognition and contextual analysis, to effectively prevent accidental data breaches. Native Fortinet capability. The FortiSASE datasheet adds ""Identify, monitor, and protect organization data at rest and in motion. DLP engine backed by FortiGuard AI feeds with over thousands of pre-defined data patterns, updated to protect from day zero."" and ""DLP allows businesses to identify sensitive information across multiple cloud-based systems, prevent the accidental sharing of data, and monitor and protect data."" Classification, inspection and blocking are evidenced. Alerting workflows and formal exception or override workflows were not found on the pages reviewed.",2026-07-29,2026-12-30T00:00:00Z
fortinet,f34_remote_user_access,yes,yes,yes,same_grade,,,,
fortinet,f35_soc_siem_soar_integration,yes,yes,yes,same_grade,,,,
fortinet,f36_centralised_orchestration,yes,yes,yes,same_grade,,,,
fortinet,f37_customer_portal_and_rbac,yes,not_confirmed,unknown,legacy_without_field_source,,,,
fortinet,f38_observability_and_digital_experience_monitoring,yes,not_confirmed,unknown,legacy_without_field_source,,,,
fortinet,f39_apis_and_automation,yes,not_confirmed,unknown,legacy_without_field_source,,,,
fortinet,f40_managed_service_assurance,partner_integrated,not_confirmed,unknown,legacy_without_field_source,,,,
gtt,f01_fully_managed_service,yes,not_confirmed,yes,dated_sourced_difference,https://www.gtt.net/services/secure-networking/managed-sd-wan/,"We manage the underlay (network) and the cloud-based overlay (SD-WAN) as a unified service GTT positions Managed SD-WAN as an end to end managed service covering circuit installation, hardware delivery, zero touch provisioning and 24/7/365 proactive monitoring under one bill and one support team. Corroborated by the GTT SD-WAN datasheet (register 18, Tier 3 host) which states GTT experts design, implement, install and optimise the service.",2026-07-29,2026-12-30T00:00:00Z
gtt,f02_diy_self_managed_model,partial,yes,yes,legacy_without_field_source,,,,
gtt,f03_co_managed_service,yes,yes,yes,same_grade,,,,
gtt,f04_multi_tenant_msp_white_label_support,unknown,not_confirmed,unknown,same_grade,,,,
gtt,f05_professional_services_and_migration_support,partial,yes,yes,dated_sourced_difference,,,,
gtt,f06_last_mile_circuit_management,yes,not_confirmed,unknown,legacy_without_field_source,,,,
gtt,f07_lifecycle_management,partial,not_confirmed,partial,dated_sourced_difference,https://www.gtt.net/envision/,"Lifecycle operations for SD-WAN/SASE, internet, voice, cloud connect, plus performance tuning and change control GTT Envision advertises lifecycle operations and change control, and Professional Services covers 'throughout the lifecycle of your deployment'. Graded partial because exact string checks on the Managed SD-WAN page returned ABSENT for both 'firmware' and 'hardware replacement', and no published statement was found on patching, renewals or end of life planning being included in the service.",2026-07-29,2026-12-30T00:00:00Z
gtt,f08_flexible_commercial_model,yes,not_confirmed,unknown,legacy_without_field_source,,,,
gtt,f09_encrypted_overlay_fabric,yes,not_confirmed,partner_integrated,legacy_without_field_source,https://www.gtt.net/resources/glossary/what-is-sd-wan-meaning-benefits-how-it-works/,"GTT describes its managed SD-WAN service and encrypted connectivity. GTT documents encrypted connectivity within its managed SD-WAN offering. Confirm the selected technology, tunnel configuration, resilience and throughput for each site.",2026-10-01,2026-12-30T00:00:00Z
gtt,f10_dynamic_path_selection,yes,not_confirmed,yes,legacy_without_field_source,https://gtt.net/resources/glossary/what-is-sd-wan-meaning-benefits-how-it-works/,"Native, confirmed directly - 'SD-WAN dynamically routes traffic across any connection based on real-time performance and policy' [10] Native, confirmed directly - 'SD-WAN dynamically routes traffic across any connection based on real-time performance and policy'",2026-07-22T00:00:00.000Z,2026-12-30T00:00:00Z
gtt,f11_active_active_link_utilisation,yes,not_confirmed,unknown,legacy_without_field_source,,,,
gtt,f12_application_aware_routing,yes,not_confirmed,yes,legacy_without_field_source,https://gtt.net/resources/glossary/what-is-sase/,"Native, confirmed directly - 'SD-WAN intelligently manages traffic across multiple network paths using centralized policies and real-time performance data' [7] None identified",2026-07-22T00:00:00.000Z,2026-12-30T00:00:00Z
gtt,f13_qos_and_traffic_shaping,yes,not_confirmed,yes,legacy_without_field_source,https://gtt.net/resources/glossary/what-is-sd-wan-meaning-benefits-how-it-works/,"Native, confirmed directly - 'centralized control, visibility and built-in security, making it more scalable and cloud-friendly' [10] Native, confirmed directly - 'centralized control, visibility and built-in security, making it more scalable and cloud-friendly'",2026-07-22T00:00:00.000Z,2026-12-30T00:00:00Z
gtt,f14_packet_loss_remediation,yes,not_confirmed,unknown,legacy_without_field_source,,,,
gtt,f15_local_internet_breakout,yes,not_confirmed,unknown,legacy_without_field_source,,,,
gtt,f16_mpls_coexistence_and_migration,yes,yes,unknown,same_grade,,,,
gtt,f17_cellular_and_5g_support,yes,not_confirmed,yes,dated_sourced_difference,https://www.gtt.net/services/managed-networking/internet/5g-services/,"Dual SIM capability allows automatic switching between carrier networks during localized outages GTT publishes a 5G Fixed Wireless Access service supporting primary and failover use ('Deploy automatic failover for primary circuits'), multi-carrier SIM handling, and feeding 'reliable underlay connectivity into SD-WAN and SASE architectures'. The Managed SD-WAN page lists access types 'fiber, broadband, 4G/5G'. Signal monitoring specifically was not evidenced.",2026-07-29,2026-12-30T00:00:00Z
gtt,f18_cloud_on_ramp,yes,not_confirmed,unknown,legacy_without_field_source,,,,
gtt,f19_public_cloud_gateways,partner_integrated,not_confirmed,unknown,dated_sourced_difference,,,,
gtt,f20_private_pops_dedicated_pops,partial,not_confirmed,unknown,dated_sourced_difference,,,,
gtt,f21_private_global_backbone,yes,not_confirmed,yes,dated_sourced_difference,https://www.gtt.net/services/secure-networking/managed-sd-wan/,"GTT owns and operates one of the world's largest global Tier 1 IP backbones GTT is a Tier 1 IP transit operator. The Fortinet press release (register 16) describes a 'top-ranked, global, Tier 1 IP backbone, which spans more than 260 cities on six continents', and the Connect page claims the '4th largest global IP backbone'. This is genuinely global rather than single-country, so yes rather than partial.",2026-07-29,2026-12-30T00:00:00Z
gtt,f22_regional_breakout_and_data_residency,yes,not_confirmed,unknown,legacy_without_field_source,,,,
gtt,f23_multi_cloud_transit_fabric,yes,not_confirmed,unknown,legacy_without_field_source,,,,
gtt,f24_flexible_edge_form_factors,yes,not_confirmed,unknown,legacy_without_field_source,,,,
gtt,f25_high_availability_design,yes,not_confirmed,yes,legacy_without_field_source,https://businesswire.com/news/home/20250318895249/en/Radisson-Hotel-Group-Selects-GTT-for-Global-SASE-Deployment,"Native, and genuinely well-evidenced via a real, named customer example - 'wireless access for enhanced business continuity and resiliency', reinforced by confirmed '24/7 monitoring' [16] Native, and genuinely well-evidenced via a real, named customer example - 'wireless access for enhanced business continuity and resiliency', reinforced by confirmed '24/7 monitoring'",2026-07-22T00:00:00.000Z,2026-12-30T00:00:00Z
gtt,f26_sla_backed_service_fabric,partial,not_confirmed,unknown,dated_sourced_difference,,,,
gtt,f27_integrated_next_generation_firewall,partner_integrated,not_confirmed,yes,dated_sourced_difference,https://gtt.net/services/secure-networking/sase-secure-connect/,"Native, confirmed directly by name - 'Firewall-as-a-Service (FWaaS)' named explicitly, reinforced by a confirmed 'Managed Firewall at branch locations' specifically for the Radisson deployment [9] [16] None identified",2026-07-22T00:00:00.000Z,2026-12-30T00:00:00Z
gtt,f28_full_sase_platform,yes,not_confirmed,partial,legacy_without_field_source,,,,
gtt,f29_sse_ecosystem_integration,yes,not_confirmed,unknown,legacy_without_field_source,,,,
gtt,f30_zero_trust_network_access,partner_integrated,not_confirmed,yes,legacy_without_field_source,https://businesswire.com/news/home/20250318895249/en/Radisson-Hotel-Group-Selects-GTT-for-Global-SASE-Deployment,"Native, confirmed directly and repeatedly by name - 'Zero Trust Network Access' named explicitly across multiple sources, including the confirmed Radisson deployment specifically [3] [16] None identified",2026-07-22T00:00:00.000Z,2026-12-30T00:00:00Z
gtt,f31_secure_web_gateway,partner_integrated,not_confirmed,unknown,legacy_without_field_source,,,,
gtt,f32_casb_capability,partner_integrated,not_confirmed,yes,legacy_without_field_source,https://businesswire.com/news/home/20250318895249/en/Radisson-Hotel-Group-Selects-GTT-for-Global-SASE-Deployment,"Native, confirmed directly by name - 'Cloud Access Security Broker' named explicitly, and confirmed directly again as 'Cloud Access Service Brokerage' in the named Radisson case study [3] [16] Specific inline-versus-API-mode technical detail not itemised",2026-07-22T00:00:00.000Z,2026-12-30T00:00:00Z
gtt,f33_data_loss_prevention,partner_integrated,not_confirmed,partner_integrated,dated_sourced_difference,https://www.gtt.net/services/secure-networking/cloud-security/,"prevents sensitive data from being exposed or exfiltrated by identifying, monitoring, and GTT's Cloud Security page lists 'Data Loss Protection (DLP)' as one of six SSE services, and the CASB page states it leverages data loss prevention technologies. Graded partner_integrated because the SSE stack is explicitly Fortinet and Palo Alto Networks technology per the SASE page. Alerting and exception workflow detail was not found. Quote is a verified substring of the DLP service description; the full sentence continues with enforcing policies on data across users, devices, applications, and networks.",2026-07-29,2026-12-30T00:00:00Z
gtt,f34_remote_user_access,partner_integrated,not_confirmed,unknown,legacy_without_field_source,,,,
gtt,f35_soc_siem_soar_integration,partner_integrated,not_confirmed,unknown,legacy_without_field_source,,,,
gtt,f36_centralised_orchestration,yes,not_confirmed,unknown,legacy_without_field_source,,,,
gtt,f37_customer_portal_and_rbac,yes,not_confirmed,unknown,legacy_without_field_source,,,,
gtt,f38_observability_and_digital_experience_monitoring,yes,not_confirmed,yes,legacy_without_field_source,https://businesswire.com/news/home/20250318895249/en/Radisson-Hotel-Group-Selects-GTT-for-Global-SASE-Deployment,"Native, confirmed directly by name via the specifically-named EnvisionDX platform component - 'DX' framing itself directly implies digital-experience-monitoring focus, reinforced by confirmed '24/7 monitoring and access to ticketing support' for the named Radisson deployment [16] None identified",2026-07-22T00:00:00.000Z,2026-12-30T00:00:00Z
gtt,f39_apis_and_automation,partial,not_confirmed,unknown,legacy_without_field_source,,,,
gtt,f40_managed_service_assurance,yes,not_confirmed,unknown,dated_sourced_difference,,,,
hpe-aruba,f01_fully_managed_service,yes,not_confirmed,unknown,dated_sourced_difference,,,,
hpe-aruba,f02_diy_self_managed_model,yes,yes,yes,same_grade,,,,
hpe-aruba,f03_co_managed_service,yes,not_confirmed,unknown,dated_sourced_difference,,,,
hpe-aruba,f04_multi_tenant_msp_white_label_support,partial,not_confirmed,partial,dated_sourced_difference,https://docs.axissecurity.com/docs/tenants-management,"Managing multiple tenants can be useful when you are an MSSP and you manage several separate clients, or otherwise your company has several organizational units it prefers to keep separate. Tenant isolation and cross-tenant admin roles are documented for HPE Networking SSE, and the same documentation page states this is a limited release feature. No evidence of branded or white-label portals, custom logos or reseller templates was found on the documentation or partner programme pages reviewed, so graded partial rather than yes.",2026-07-29,2026-12-30T00:00:00Z
hpe-aruba,f05_professional_services_and_migration_support,yes,not_confirmed,unknown,dated_sourced_difference,,,,
hpe-aruba,f06_last_mile_circuit_management,partner_integrated,not_confirmed,unknown,legacy_without_field_source,,,,
hpe-aruba,f07_lifecycle_management,yes,not_confirmed,unknown,dated_sourced_difference,,,,
hpe-aruba,f08_flexible_commercial_model,yes,not_confirmed,unknown,legacy_without_field_source,,,,
hpe-aruba,f09_encrypted_overlay_fabric,yes,yes,yes,same_grade,,,,
hpe-aruba,f10_dynamic_path_selection,yes,not_confirmed,unknown,legacy_without_field_source,,,,
hpe-aruba,f11_active_active_link_utilisation,yes,not_confirmed,unknown,legacy_without_field_source,,,,
hpe-aruba,f12_application_aware_routing,yes,yes,yes,same_grade,,,,
hpe-aruba,f13_qos_and_traffic_shaping,yes,not_confirmed,unknown,legacy_without_field_source,,,,
hpe-aruba,f14_packet_loss_remediation,yes,yes,unknown,same_grade,,,,
hpe-aruba,f15_local_internet_breakout,yes,yes,yes,same_grade,,,,
hpe-aruba,f16_mpls_coexistence_and_migration,yes,not_confirmed,unknown,legacy_without_field_source,,,,
hpe-aruba,f17_cellular_and_5g_support,yes,yes,yes,same_grade,,,,
hpe-aruba,f18_cloud_on_ramp,yes,not_confirmed,yes,legacy_without_field_source,https://hpe.com/us/en/aruba-edgeconnect-sd-wan.html,"Native, confirmed for specific named hyperscalers [15] [19] None identified",2026-07-22T00:00:00.000Z,2026-12-30T00:00:00Z
hpe-aruba,f19_public_cloud_gateways,yes,not_confirmed,yes,dated_sourced_difference,https://docs.axissecurity.com/docs/pops,"The HPE Aruba Networking SSE service utilizes both onramps and Points of Presence (PoPs) to enhance connectivity. The PoPs are documented as part of the HPE Aruba Networking SSE service itself, which is HPE's own security service edge infrastructure following the Axis Security acquisition, so this is the vendor's own service infrastructure rather than a resold third party gateway. Several PoP locations carry hyperscaler region names such as Northern Virginia, Oregon and Iowa, which suggests hosting inside public cloud regions, but the service and enforcement layer are HPE's.",2026-07-29,2026-12-30T00:00:00Z
hpe-aruba,f20_private_pops_dedicated_pops,unknown,not_confirmed,unknown,same_grade,,,,
hpe-aruba,f21_private_global_backbone,unknown,not_confirmed,unknown,same_grade,,,,
hpe-aruba,f22_regional_breakout_and_data_residency,yes,not_confirmed,unknown,legacy_without_field_source,,,,
hpe-aruba,f23_multi_cloud_transit_fabric,yes,not_confirmed,yes,legacy_without_field_source,https://hpe.com/us/en/aruba-edgeconnect-sd-wan.html,"Native, confirmed for specific named hyperscalers [15] [19] None identified",2026-07-22T00:00:00.000Z,2026-12-30T00:00:00Z
hpe-aruba,f24_flexible_edge_form_factors,yes,not_confirmed,yes,legacy_without_field_source,https://buy.hpe.com/in/en/cloud/private-hybrid-cloud/hpe-aruba-networking-connectivity-saas/hpe-aruba-networking-connectivity/hpe-aruba-networking-edgeconnect-10106-1g-2x-sfp-2x-combo-1g-2x-rj45-poe-sd%E2%80%91wan-gateway/p/s0e22a,"Native - physical appliances confirmed at a specific model level (e.g. the EC-10106 gateway, described as 'ideally suited for small branch and remote office environments'), plus virtual appliance deployment [21] Native - physical appliances confirmed at a specific model level (e.g. the EC-10106 gateway, described as 'ideally suited for small branch and remote office environments'), plus virtual appliance deployment",2026-07-22T00:00:00.000Z,2026-12-30T00:00:00Z
hpe-aruba,f25_high_availability_design,yes,not_confirmed,unknown,legacy_without_field_source,,,,
hpe-aruba,f26_sla_backed_service_fabric,partial,not_confirmed,unknown,dated_sourced_difference,,,,
hpe-aruba,f27_integrated_next_generation_firewall,yes,yes,yes,same_grade,https://hpe.com/us/en/networking/sase.html,"Native, via the SSE platform's confirmed capability set alongside the EdgeConnect-embedded NGFW described above [14] None identified",2026-07-22T00:00:00.000Z,2026-12-30T00:00:00Z
hpe-aruba,f28_full_sase_platform,yes,yes,yes,same_grade,,,,
hpe-aruba,f29_sse_ecosystem_integration,yes,not_confirmed,unknown,legacy_without_field_source,,,,
hpe-aruba,f30_zero_trust_network_access,yes,yes,yes,same_grade,,,,
hpe-aruba,f31_secure_web_gateway,yes,yes,yes,same_grade,,,,
hpe-aruba,f32_casb_capability,yes,yes,yes,same_grade,,,,
hpe-aruba,f33_data_loss_prevention,yes,yes,yes,same_grade,,,,
hpe-aruba,f34_remote_user_access,yes,yes,yes,same_grade,,,,
hpe-aruba,f35_soc_siem_soar_integration,yes,not_confirmed,unknown,legacy_without_field_source,,,,
hpe-aruba,f36_centralised_orchestration,yes,not_confirmed,unknown,legacy_without_field_source,,,,
hpe-aruba,f37_customer_portal_and_rbac,yes,not_confirmed,unknown,legacy_without_field_source,,,,
hpe-aruba,f38_observability_and_digital_experience_monitoring,yes,not_confirmed,unknown,legacy_without_field_source,,,,
hpe-aruba,f39_apis_and_automation,yes,not_confirmed,unknown,legacy_without_field_source,,,,
hpe-aruba,f40_managed_service_assurance,partial,not_confirmed,unknown,dated_sourced_difference,,,,
juniper-networks,f01_fully_managed_service,partial,not_confirmed,partial,dated_sourced_difference,https://www.juniper.net/us/en/services.html,"Our highly trained experts, backed by AI-Native and automated insights, can help you design, deploy, and proactively manage your network to deliver seamless experiences for all. Juniper Services offers design, deployment and proactive management assistance, but the Juniper pages reviewed position end-to-end managed SD-WAN/SASE as something MSPs and service providers deliver using Juniper technology rather than something Juniper operates itself. The managed SD-WAN page is written to MSPs as the operator. No Juniper page reviewed described Juniper owning day-to-day operations, change execution and service reporting for a customer end to end. Graded partial rather than yes for that reason.",2026-07-29,2026-12-30T00:00:00Z
juniper-networks,f02_diy_self_managed_model,yes,yes,yes,same_grade,,,,
juniper-networks,f03_co_managed_service,unknown,not_confirmed,unknown,same_grade,,,,
juniper-networks,f04_multi_tenant_msp_white_label_support,partial,not_confirmed,partial,dated_sourced_difference,https://www.juniper.net/us/en/solutions/sd-wan/managed-sd-wan.html,"engineered specifically for forward-thinking MSPs ready to scale Juniper explicitly targets MSPs with its managed SD-WAN proposition, which is why this is not graded unknown. However none of the three specific tests in the definition were evidenced on pages reviewed: tenant isolation, delegated administration and branded (white-label) portals are not described. The Juniper Mist MSP dashboard documentation URL attempted returned HTTP 404, so multi-tenant administration could not be verified in this task.",2026-07-29,2026-12-30T00:00:00Z
juniper-networks,f05_professional_services_and_migration_support,yes,yes,yes,same_grade,,,,
juniper-networks,f06_last_mile_circuit_management,partner_integrated,not_confirmed,unknown,legacy_without_field_source,,,,
juniper-networks,f07_lifecycle_management,partial,not_confirmed,partial,dated_sourced_difference,https://www.juniper.net/us/en/services.html,"Achieve simplicity and reliability at scale across your wired, wireless, and SD-WAN environments with AI-Native operations and support from Juniper Services, using AI for a comprehensive, proactive approach across the full network life cycle. Juniper claims a full network life cycle approach through Juniper Services. The specific components in the definition (hardware replacement/RMA, firmware upgrades, patching, renewals and end-of-life planning handled as part of the service) were not individually evidenced; the technical services page that would carry them returned HTTP 404 on attempt. Graded partial on that basis.",2026-07-29,2026-12-30T00:00:00Z
juniper-networks,f08_flexible_commercial_model,yes,not_confirmed,unknown,legacy_without_field_source,,,,
juniper-networks,f09_encrypted_overlay_fabric,yes,yes,yes,same_grade,,,,
juniper-networks,f10_dynamic_path_selection,yes,not_confirmed,yes,legacy_without_field_source,https://juniper.net/content/dam/www/assets/white-papers/us/en/routers/ai-driven-sd-wan-secures-todays-cloud-era-networks.pdf,"Native, confirmed via the platform's core, service-based routing architecture - 'sessions are delivered based on identity and context to relevant parties based on real-time policies' [10] Native, confirmed via the platform's core, service-based routing architecture - 'sessions are delivered based on identity and context to relevant parties based on real-time policies'",2026-07-22T00:00:00.000Z,2026-12-30T00:00:00Z
juniper-networks,f11_active_active_link_utilisation,yes,not_confirmed,unknown,legacy_without_field_source,,,,
juniper-networks,f12_application_aware_routing,yes,yes,yes,same_grade,,,,
juniper-networks,f13_qos_and_traffic_shaping,yes,not_confirmed,unknown,legacy_without_field_source,,,,
juniper-networks,f14_packet_loss_remediation,yes,not_confirmed,unknown,legacy_without_field_source,,,,
juniper-networks,f15_local_internet_breakout,yes,not_confirmed,unknown,legacy_without_field_source,,,,
juniper-networks,f16_mpls_coexistence_and_migration,yes,yes,unknown,same_grade,,,,
juniper-networks,f17_cellular_and_5g_support,partial,yes,yes,dated_sourced_difference,,,,
juniper-networks,f18_cloud_on_ramp,partial,not_confirmed,yes,legacy_without_field_source,https://juniper.net/us/en/customers/ambifox-case-study.html,"Native, confirmed with genuine specificity via a real, named customer deployment spanning two distinct named hyperscalers [25] None identified",2026-07-22T00:00:00.000Z,2026-12-30T00:00:00Z
juniper-networks,f19_public_cloud_gateways,partial,not_confirmed,partial,dated_sourced_difference,https://www.juniper.net/us/en/solutions/sase.html,"full-stack Security Service Edge (SSE) and SD-WAN capabilities that leverage the power of the cloud to optimize both the network and the security experience Juniper operates its own cloud-delivered SSE (Juniper Secure Edge, managed by Juniper Security Director Cloud), so this is Juniper's own service infrastructure rather than a third party's resold platform. Graded partial not yes because no page reviewed named the gateway or PoP locations, the number of locations, or which capabilities (SaaS optimisation, remote access, security enforcement) are enforced at Juniper-operated PoPs. Attempts to reach the Juniper Secure Edge product page redirected to an HPE store page that returned Product Not Found, and the Secure Edge documentation guide URLs returned 404/403.",2026-07-29,2026-12-30T00:00:00Z
juniper-networks,f20_private_pops_dedicated_pops,unknown,not_confirmed,unknown,same_grade,,,,
juniper-networks,f21_private_global_backbone,unknown,not_confirmed,unknown,same_grade,,,,
juniper-networks,f22_regional_breakout_and_data_residency,partial,not_confirmed,unknown,legacy_without_field_source,,,,
juniper-networks,f23_multi_cloud_transit_fabric,partial,not_confirmed,yes,legacy_without_field_source,https://juniper.net/us/en/customers/ambifox-case-study.html,"Native, confirmed with genuine specificity via a real, named customer deployment spanning two distinct named hyperscalers [25] None identified",2026-07-22T00:00:00.000Z,2026-12-30T00:00:00Z
juniper-networks,f24_flexible_edge_form_factors,yes,not_confirmed,yes,legacy_without_field_source,https://juniper.net/us/en/products/routers/session-smart-router.html,"Native, confirmed as genuinely flexible - the Session Smart Router runs as a software-based solution on dedicated Juniper SSR-series hardware, white-box customer-premises equipment, data-centre network servers, or the public cloud [14] Native, confirmed as genuinely flexible - the Session Smart Router runs as a software-based solution on dedicated Juniper SSR-series hardware, white-box customer-premises equipment, data-centre network servers, or the public cloud",2026-07-22T00:00:00.000Z,2026-12-30T00:00:00Z
juniper-networks,f25_high_availability_design,yes,not_confirmed,unknown,legacy_without_field_source,,,,
juniper-networks,f26_sla_backed_service_fabric,unknown,not_confirmed,unknown,same_grade,,,,
juniper-networks,f27_integrated_next_generation_firewall,yes,not_confirmed,yes,legacy_without_field_source,https://juniper.net/us/en/solutions/sd-wan/managed-sd-wan.html,"Native, and confirmed with specific technical detail [15] None identified",2026-07-22T00:00:00.000Z,2026-12-30T00:00:00Z
juniper-networks,f28_full_sase_platform,partial,partial,partial,same_grade,https://juniper.net/us/en/solutions/secure-ai-native-edge.html,"Partially confirmed - Universal Zero Trust Network Access (UZTNA) is explicitly described by Juniper's own materials as setting 'the vision for Juniper's view of... UZTNA to address customer needs in the future', a stated roadmap direction rather than a confirmed, fully-realised, currently-shipping capability [11] [17] Explicitly framed as a future-facing vision in Juniper's own primary materials",2026-07-22T00:00:00.000Z,2026-12-30T00:00:00Z
juniper-networks,f29_sse_ecosystem_integration,partial,not_confirmed,unknown,legacy_without_field_source,,,,
juniper-networks,f30_zero_trust_network_access,partial,not_confirmed,partial,legacy_without_field_source,https://juniper.net/us/en/solutions/secure-ai-native-edge.html,"Partially confirmed - Universal Zero Trust Network Access (UZTNA) is explicitly described by Juniper's own materials as setting 'the vision for Juniper's view of... UZTNA to address customer needs in the future', a stated roadmap direction rather than a confirmed, fully-realised, currently-shipping capability [11] [17] Explicitly framed as a future-facing vision in Juniper's own primary materials",2026-07-22T00:00:00.000Z,2026-12-30T00:00:00Z
juniper-networks,f31_secure_web_gateway,partial,yes,yes,legacy_without_field_source,,,,
juniper-networks,f32_casb_capability,partial,not_confirmed,unknown,legacy_without_field_source,,,,
juniper-networks,f33_data_loss_prevention,unknown,not_confirmed,unknown,same_grade,,,,
juniper-networks,f34_remote_user_access,partial,not_confirmed,unknown,legacy_without_field_source,,,,
juniper-networks,f35_soc_siem_soar_integration,yes,not_confirmed,unknown,legacy_without_field_source,,,,
juniper-networks,f36_centralised_orchestration,yes,not_confirmed,yes,legacy_without_field_source,https://juniper.net/us/en/customers/ambifox-case-study.html,"Native, confirmed directly and with genuine specificity - the platform 'supports zero-touch installation and provisioning for fast setup and administration-with no site visits', evidenced via a real, named customer deployment [25] Native, confirmed directly and with genuine specificity - the platform 'supports zero-touch installation and provisioning for fast setup and administration-with no site visits', evidenced via a real, named customer deployment",2026-07-22T00:00:00.000Z,2026-12-30T00:00:00Z
juniper-networks,f37_customer_portal_and_rbac,yes,not_confirmed,unknown,legacy_without_field_source,,,,
juniper-networks,f38_observability_and_digital_experience_monitoring,yes,yes,yes,same_grade,https://juniper.net/content/dam/www/assets/white-papers/us/en/routers/session-smart-routing-how-it-works.pdf,"Native, via the confirmed SLE architecture (Table 3, 10) [13] Technical depth beyond the named SLE capability itself not itemised in full",2026-07-22T00:00:00.000Z,2026-12-30T00:00:00Z
juniper-networks,f39_apis_and_automation,yes,not_confirmed,unknown,legacy_without_field_source,,,,
juniper-networks,f40_managed_service_assurance,unknown,not_confirmed,unknown,same_grade,,,,
lumen,f01_fully_managed_service,yes,yes,yes,same_grade,,,,
lumen,f02_diy_self_managed_model,partial,yes,yes,legacy_without_field_source,,,,
lumen,f03_co_managed_service,yes,yes,yes,same_grade,,,,
lumen,f04_multi_tenant_msp_white_label_support,unknown,not_confirmed,unknown,same_grade,,,,
lumen,f05_professional_services_and_migration_support,yes,yes,yes,same_grade,,,,
lumen,f06_last_mile_circuit_management,yes,not_confirmed,unknown,legacy_without_field_source,,,,
lumen,f07_lifecycle_management,yes,not_confirmed,yes,dated_sourced_difference,https://assets.lumen.com/is/content/Lumen/SD-WAN___Managed_Equipment_Service_Guide,"Lifecycle management – notification of end of sale/end of support. The same service guide lists CPE break/fix (RMA) warranty support for failed devices and processing of return material authorisation replacement requests, plus patch management for all hardware and software. The SD-WAN service schedule states that during the initial service term purchased CPE is eligible for the Managed Device Replacement Service Level in the Lumen Service Level Agreement, so replacement is contractual rather than best effort.",2026-07-29,2026-12-30T00:00:00Z
lumen,f08_flexible_commercial_model,yes,not_confirmed,unknown,legacy_without_field_source,,,,
lumen,f09_encrypted_overlay_fabric,yes,yes,yes,same_grade,,,,
lumen,f10_dynamic_path_selection,yes,not_confirmed,yes,legacy_without_field_source,https://lumen.com/en-us/services/sd-wan.html,"Native, confirmed directly - 'Route traffic over the most efficient connection for high performance' [3] Native, confirmed directly - 'Route traffic over the most efficient connection for high performance'",2026-07-22T00:00:00.000Z,2026-12-30T00:00:00Z
lumen,f11_active_active_link_utilisation,yes,not_confirmed,unknown,legacy_without_field_source,,,,
lumen,f12_application_aware_routing,yes,not_confirmed,yes,legacy_without_field_source,https://lumen.com/en-us/services/sd-wan.html,"Native, confirmed directly - 'Route traffic over the most efficient connection for high performance, and update routing and security rules in real time as network needs change' [3] None identified",2026-07-22T00:00:00.000Z,2026-12-30T00:00:00Z
lumen,f13_qos_and_traffic_shaping,yes,not_confirmed,yes,legacy_without_field_source,https://docs.lumen.com/readiness/products/sd-wan-versa/,"Native, confirmed directly and with genuine specificity - 'the ability to intelligently use lower cost Internet connections to achieve MPLS-like QoS' [2] Native, confirmed directly and with genuine specificity - 'the ability to intelligently use lower cost Internet connections to achieve MPLS-like QoS'",2026-07-22T00:00:00.000Z,2026-12-30T00:00:00Z
lumen,f14_packet_loss_remediation,yes,not_confirmed,unknown,legacy_without_field_source,,,,
lumen,f15_local_internet_breakout,yes,not_confirmed,unknown,legacy_without_field_source,,,,
lumen,f16_mpls_coexistence_and_migration,yes,yes,unknown,same_grade,,,,
lumen,f17_cellular_and_5g_support,partial,not_confirmed,yes,dated_sourced_difference,https://lumen.com/en-us/services/sdwan-versa-networks.html,"Native, confirmed directly by name as a supported WAN underlay ('4G/LTE') [5] Native, confirmed directly by name as a supported WAN underlay ('4G/LTE')",2026-07-22T00:00:00.000Z,2026-12-30T00:00:00Z
lumen,f18_cloud_on_ramp,yes,not_confirmed,yes,legacy_without_field_source,https://docs.lumen.com/readiness/products/sd-wan-versa/,"Native, confirmed directly via the confirmed 'physical and virtual customer-premises equipment (CPE)' architecture description [2] Native, confirmed directly via the confirmed 'physical and virtual customer-premises equipment (CPE)' architecture description",2026-07-22T00:00:00.000Z,2026-12-30T00:00:00Z
lumen,f19_public_cloud_gateways,yes,not_confirmed,yes,dated_sourced_difference,https://ir.lumen.com/news/news-details/2024/Lumen-and-Versa-Expand-Partnership-to-Deliver-a-Sovereign-SASE-Solution/default.aspx,"The Sovereign SASE solution is deployed on dedicated SASE gateways in Lumen's global points of presence (PoPs) or on customer premises, based on the customer's preference and needs. The PoPs are Lumen's own, which is what this field measures, and the SASE product page advertises 50+ low-latency edge nodes in key metro areas. The security software running in them is Versa or Fortinet technology, which does not change the ownership of the infrastructure. One complication is recorded in conflicts: the SASE service guide also describes an option delivered through a global network of VMware SASE points of presence, which would be partner_integrated rather than Lumen-owned.",2026-07-29,2026-12-30T00:00:00Z
lumen,f20_private_pops_dedicated_pops,yes,not_confirmed,yes,dated_sourced_difference,https://assets.lumen.com/is/content/Lumen/sd-wan-service-schedule?Creativeid=914be424-577f-4a0d-97cd-3c9c00a783e4,"The Lumen SD-WAN with Versa Networks network Controllers are hosted within Lumen facilities, but can also be deployed as private infrastructure in a customer provided environment for an additional charge. Reinforced by the dated May 2024 Versa Sovereign SASE press release, which states the solution is deployed on dedicated SASE gateways in Lumen's global PoPs or on customer premises based on the customer's preference and needs. Customer-hosted, dedicated and sovereign options are therefore documented, not only shared multi-tenant locations.",2026-07-29,2026-12-30T00:00:00Z
lumen,f21_private_global_backbone,yes,not_confirmed,yes,dated_sourced_difference,https://ir.lumen.com/news/news-details/2024/Lumen-and-Versa-Expand-Partnership-to-Deliver-a-Sovereign-SASE-Solution/default.aspx,"Black Lotus Labs, Lumen's threat research team, leverages its unique visibility into Lumen's global internet backbone using ML algorithms to generate threat intelligence Lumen owns and operates its own global backbone, which is the substance of this field. Confidence is medium rather than high for two reasons: the clearest wording found is incidental to a threat intelligence sentence, and the most explicit owned-fibre statement found, that Lumen operates the largest ultra-low-loss intercity fiber network in North America, is scoped to North America. No page reviewed states as a product property that inter-region SASE or SD-WAN traffic rides the Lumen backbone rather than the public internet.",2026-07-29,2026-12-30T00:00:00Z
lumen,f22_regional_breakout_and_data_residency,partner_integrated,not_confirmed,unknown,legacy_without_field_source,,,,
lumen,f23_multi_cloud_transit_fabric,yes,not_confirmed,unknown,legacy_without_field_source,,,,
lumen,f24_flexible_edge_form_factors,yes,not_confirmed,yes,legacy_without_field_source,https://lumen.com/en-us/services/sase-versa.html,"Native, confirmed directly and with genuine specificity - a named, sized CPE device tier ('Extra Small CPE Device') is confirmed directly as part of Lumen's disclosed pricing structure [4] Native, confirmed directly and with genuine specificity - a named, sized CPE device tier ('Extra Small CPE Device') is confirmed directly as part of Lumen's disclosed pricing structure",2026-07-22T00:00:00.000Z,2026-12-30T00:00:00Z
lumen,f25_high_availability_design,yes,not_confirmed,yes,legacy_without_field_source,https://lumen.com/en-us/services/sdwan-versa-networks.html,"Native, confirmed directly and with genuine specificity - the confirmed service wrapper includes 'appliance/circuit monitoring' and '24/7 support for the entire WAN solution' [5] Native, confirmed directly and with genuine specificity - the confirmed service wrapper includes 'appliance/circuit monitoring' and '24/7 support for the entire WAN solution'",2026-07-22T00:00:00.000Z,2026-12-30T00:00:00Z
lumen,f26_sla_backed_service_fabric,yes,not_confirmed,yes,dated_sourced_difference,https://assets.lumen.com/is/content/Lumen/lumen-service-level-agreementpdf?Creativeid=dc0beb0f-83c4-46d5-8684-85af0333edbe,"Lumen offers Service Availability Service Levels for Qualifying Services based on the following Availability Tiers. The published Lumen Service Level Agreement names Lumen SD-WAN Service with Versa Networks, Lumen SD-WAN Service with Cisco Meraki and Lumen SASE Solutions as qualifying services, and carries availability tiers, a four hour incident response commitment, managed device replacement targets, and regional latency, jitter and packet delivery objectives. These are credit-bearing contractual commitments rather than best-effort targets.",2026-07-29,2026-12-30T00:00:00Z
lumen,f27_integrated_next_generation_firewall,partner_integrated,not_confirmed,partner_integrated,dated_sourced_difference,https://assets.lumen.com/is/content/Lumen/sase-solutions-service-guide?Creativeid=4af4755b-f89d-476b-a0b7-879ea4015615,"Next Generation Firewall (NGFW) is available as a service license with Fortinet and is powered by FortiOS The firewall function is Fortinet technology licensed and operated by Lumen, so partner_integrated rather than yes. The same guide describes anti-malware, web filtering and firewall, intrusion detection and prevention (IDS/IPS) within the unified threat management set, and the SD-WAN service schedule describes a Security Upgrade providing a set of firewall, web filtering and intrusion prevention. The function is integrated into the delivered platform, but the technology belongs to another vendor.",2026-07-29,2026-12-30T00:00:00Z
lumen,f28_full_sase_platform,partner_integrated,partial,yes,legacy_without_field_source,https://lumen.com/en-us/services/sase-versa.html,"Native, confirmed with genuine specificity via a named product - Versa Secure Private Access (VSPA) 'secure remote workforces at the edge with user-centric' access [4] None identified",2026-07-22T00:00:00.000Z,2026-12-30T00:00:00Z
lumen,f29_sse_ecosystem_integration,partner_integrated,not_confirmed,unknown,legacy_without_field_source,,,,
lumen,f30_zero_trust_network_access,partner_integrated,not_confirmed,yes,legacy_without_field_source,https://lumen.com/en-us/services/sase-versa.html,"Native, confirmed with genuine specificity via a named product - Versa Secure Private Access (VSPA) 'secure remote workforces at the edge with user-centric' access [4] None identified",2026-07-22T00:00:00.000Z,2026-12-30T00:00:00Z
lumen,f31_secure_web_gateway,partner_integrated,not_confirmed,yes,legacy_without_field_source,https://lumen.com/en-us/services/sase.html,"Native, confirmed directly as part of the SSE capability list - 'Secure Web Gateway (SWG)' named explicitly [6] None identified",2026-07-22T00:00:00.000Z,2026-12-30T00:00:00Z
lumen,f32_casb_capability,partner_integrated,not_confirmed,yes,legacy_without_field_source,https://lumen.com/en-us/services/sase.html,"Native, confirmed directly by name - 'Cloud Access Security Broker (CASB)' named explicitly as SSE-compatible [6] Specific inline-versus-API-mode technical detail not itemised",2026-07-22T00:00:00.000Z,2026-12-30T00:00:00Z
lumen,f33_data_loss_prevention,partner_integrated,not_confirmed,partner_integrated,dated_sourced_difference,https://assets.lumen.com/is/content/Lumen/sase-solutions-service-guide?Creativeid=4af4755b-f89d-476b-a0b7-879ea4015615,"intrusion detection and prevention (IDS/IPS), and data loss prevention DLP is listed on the Lumen SASE product page as one of the Security Service Edge services alongside NGFW, SWG, ZTNA and CASB, and appears in the SASE service guide within the Fortinet-powered feature set, so it is another vendor's engine operated by Lumen. No Lumen page reviewed describes content classification detail, blocking versus flagging behaviour, alerting or exception workflows, so confidence is medium on the depth of the capability rather than on its presence.",2026-07-29,2026-12-30T00:00:00Z
lumen,f34_remote_user_access,partner_integrated,not_confirmed,unknown,legacy_without_field_source,,,,
lumen,f35_soc_siem_soar_integration,partner_integrated,yes,yes,legacy_without_field_source,,,,
lumen,f36_centralised_orchestration,yes,yes,yes,same_grade,,,,
lumen,f37_customer_portal_and_rbac,yes,not_confirmed,unknown,legacy_without_field_source,,,,
lumen,f38_observability_and_digital_experience_monitoring,yes,not_confirmed,unknown,legacy_without_field_source,,,,
lumen,f39_apis_and_automation,partial,not_confirmed,unknown,legacy_without_field_source,,,,
lumen,f40_managed_service_assurance,partial,not_confirmed,partial,dated_sourced_difference,https://assets.lumen.com/is/content/Lumen/SD-WAN___Managed_Equipment_Service_Guide,"Lumen resources are available 24x7 for support. Graded partial for two reasons. First, the SD-WAN and Managed Equipment service guide evidences 24x7x365 performance management by Lumen skilled operations engineers and continuous network monitoring, which covers the NOC half, but the SASE service guide states that the Pro-Managed service does not include security operations center services, so the SOC half is not part of the standard managed wrap. Second, no source reviewed documents ownership of incidents through to root cause analysis, structured service reviews or change governance as contractual elements; those terms were searched for in both service guides and the service schedule and not found.",2026-07-29,2026-12-30T00:00:00Z
netskope,f01_fully_managed_service,managed_service_dependent,not_confirmed,unknown,dated_sourced_difference,,,,
netskope,f02_diy_self_managed_model,yes,yes,yes,same_grade,,,,
netskope,f03_co_managed_service,managed_service_dependent,not_confirmed,unknown,dated_sourced_difference,,,,
netskope,f04_multi_tenant_msp_white_label_support,partial,not_confirmed,partial,dated_sourced_difference,https://www.netskope.com/press-releases/netskope-enables-msps-to-generate-revenue-faster-with-launch-of-new-catalyst-msp-sp-program-and-netskope-partner-orchestrator,"A self-service multi-tenant orchestrator for the full SASE and AI product suite that quickly provisions production-ready customer environments. Multi-tenant provisioning and delegated administration across unlimited partner tiers are documented in the June 2026 Catalyst announcement and corroborated by ChannelE2E. Branded or white-label partner portals and reusable customer templates were not evidenced on any page read, so graded partial rather than yes.",2026-07-29,2026-12-30T00:00:00Z
netskope,f05_professional_services_and_migration_support,yes,yes,yes,same_grade,,,,
netskope,f06_last_mile_circuit_management,partner_integrated,not_confirmed,unknown,legacy_without_field_source,,,,
netskope,f07_lifecycle_management,partial,not_confirmed,partial,dated_sourced_difference,https://www.netskope.com/wp-content/uploads/2022/07/2025-06-Netskope-One-SD-WAN-DS-607-9.pdf,"simple one-click RMA, customized applications The SD-WAN datasheet documents zero-touch activation and one-click hardware RMA, and the platform is cloud-managed from a single console. No page read states that firmware upgrades, patching, renewals or end-of-life planning are performed as part of the service, so graded partial rather than yes.",2026-07-29,2026-12-30T00:00:00Z
netskope,f08_flexible_commercial_model,yes,not_confirmed,unknown,legacy_without_field_source,,,,
netskope,f09_encrypted_overlay_fabric,partial,yes,yes,legacy_without_field_source,,,,
netskope,f10_dynamic_path_selection,partial,yes,yes,legacy_without_field_source,,,,
netskope,f11_active_active_link_utilisation,partial,not_confirmed,unknown,legacy_without_field_source,,,,
netskope,f12_application_aware_routing,partial,yes,yes,legacy_without_field_source,,,,
netskope,f13_qos_and_traffic_shaping,partial,yes,yes,legacy_without_field_source,,,,
netskope,f14_packet_loss_remediation,partial,yes,unknown,legacy_without_field_source,,,,
netskope,f15_local_internet_breakout,partial,yes,yes,legacy_without_field_source,,,,
netskope,f16_mpls_coexistence_and_migration,partial,yes,unknown,legacy_without_field_source,,,,
netskope,f17_cellular_and_5g_support,yes,not_confirmed,yes,dated_sourced_difference,https://www.netskope.com/products/wireless-wan,"Reliable, high-performance 5G connectivity for primary, backup, or active-active links delivers sub-second brownout/blackout protection. 5G Standalone is supported as primary, backup or active-active transport. eSIM with on-gateway LPAd covers SIM management, the Converged Gateway carries built-in 4G/5G with Netskope Zero Trust SIM across 400+ networks, and digital experience management reports cellular signal strength and quality.",2026-07-29,2026-12-30T00:00:00Z
netskope,f18_cloud_on_ramp,yes,yes,yes,same_grade,,,,
netskope,f19_public_cloud_gateways,yes,yes,yes,same_grade,,,,
netskope,f20_private_pops_dedicated_pops,yes,not_confirmed,unknown,dated_sourced_difference,,,,
netskope,f21_private_global_backbone,unknown,not_confirmed,unknown,same_grade,,,,
netskope,f22_regional_breakout_and_data_residency,yes,not_confirmed,unknown,legacy_without_field_source,,,,
netskope,f23_multi_cloud_transit_fabric,yes,yes,yes,same_grade,,,,
netskope,f24_flexible_edge_form_factors,partial,not_confirmed,unknown,legacy_without_field_source,,,,
netskope,f25_high_availability_design,partial,yes,yes,legacy_without_field_source,,,,
netskope,f26_sla_backed_service_fabric,yes,not_confirmed,yes,dated_sourced_difference,https://www.netskope.com/press-releases/netskope-sets-new-industry-benchmarks-for-cloud-security-performance,"Netskope launches an industry-first SLA committing to less than 50 ms of latency for processing encrypted traffic Contractual commitments cover uptime and availability at five nines plus latency for both decrypted and non-decrypted traffic. The NewEdge datasheet repeats industry-best SLAs for availability and latency. Support response-time and change-handling commitments sit in Support Terms, which were not reachable in this task.",2026-07-29,2026-12-30T00:00:00Z
netskope,f27_integrated_next_generation_firewall,yes,yes,yes,same_grade,,,,
netskope,f28_full_sase_platform,yes,yes,yes,same_grade,,,,
netskope,f29_sse_ecosystem_integration,yes,not_confirmed,unknown,legacy_without_field_source,,,,
netskope,f30_zero_trust_network_access,yes,yes,yes,same_grade,,,,
netskope,f31_secure_web_gateway,yes,yes,yes,same_grade,,,,
netskope,f32_casb_capability,yes,yes,yes,same_grade,,,,
netskope,f33_data_loss_prevention,yes,yes,yes,same_grade,,,,
netskope,f34_remote_user_access,yes,yes,yes,same_grade,,,,
netskope,f35_soc_siem_soar_integration,yes,yes,yes,same_grade,,,,
netskope,f36_centralised_orchestration,yes,not_confirmed,unknown,legacy_without_field_source,,,,
netskope,f37_customer_portal_and_rbac,yes,not_confirmed,unknown,legacy_without_field_source,,,,
netskope,f38_observability_and_digital_experience_monitoring,yes,not_confirmed,unknown,legacy_without_field_source,,,,
netskope,f39_apis_and_automation,yes,not_confirmed,unknown,legacy_without_field_source,,,,
netskope,f40_managed_service_assurance,partial,not_confirmed,partial,dated_sourced_difference,https://www.netskope.com/netskope-technical-support,"We are a global team and operate 24/7/365 Netskope runs a global support organisation on a 24/7/365 basis at Premium and Premium Plus tiers, with technical account management and a focused technical support engineer at Premium Plus. No page read describes a Netskope NOC or SOC proactively monitoring the customer service, owning incidents through to root cause analysis, or running structured service reviews and change governance, so graded partial.",2026-07-29,2026-12-30T00:00:00Z
ntt,f01_fully_managed_service,yes,yes,yes,same_grade,,,,
ntt,f02_diy_self_managed_model,partial,not_confirmed,unknown,legacy_without_field_source,,,,
ntt,f03_co_managed_service,partial,not_confirmed,partial,dated_sourced_difference,https://www.nttglobal.net/services/sd-wan,"Customers have the option to self-manage via a web portal or NTT can offer managed services. The published wording describes an either/or choice (customer self-manages via portal, OR NTT manages) rather than an explicitly shared-responsibility co-managed model. The NTT DATA/Cisco managed SASE brochure describes people-augmented, technology-augmented and hybrid operating models, which implies shared operation, but no page reviewed states which policy or change rights the customer retains. Graded partial rather than yes for that reason.",2026-07-29,2026-12-30T00:00:00Z
ntt,f04_multi_tenant_msp_white_label_support,unknown,not_confirmed,unknown,same_grade,,,,
ntt,f05_professional_services_and_migration_support,yes,not_confirmed,yes,dated_sourced_difference,https://dam.nttdata.com/api/public/content/GLOBAL-MNS-brochure,"Native, confirmed directly and with genuine specificity - 'Move from outdated, end-of-life infrastructure to a modern, scalable network - with a tailored roadmap built around your current environment and future needs' Native, confirmed directly and with genuine specificity - 'Move from outdated, end-of-life infrastructure to a modern, scalable network - with a tailored roadmap built around your current environment and future needs'",2026-07-22T00:00:00.000Z,2026-12-30T00:00:00Z
ntt,f06_last_mile_circuit_management,yes,not_confirmed,unknown,legacy_without_field_source,,,,
ntt,f07_lifecycle_management,yes,not_confirmed,yes,dated_sourced_difference,https://www.nttglobal.net/services/sd-wan,"NTT's Infrastructure Management Services provide full life cycle: architecture, design, implementation, upgrades, and full proactive 24×7 management of a customer's global network and security infrastructure. Quote uses a multiplication sign in 24×7 as printed on the page. Upgrades and full lifecycle management are stated as part of the service. The NTT DATA/Cisco SASE brochure adds decommissioning and refresh to the same lifecycle. Hardware replacement and end-of-life planning are not named in those exact terms.",2026-07-29,2026-12-30T00:00:00Z
ntt,f08_flexible_commercial_model,yes,not_confirmed,unknown,legacy_without_field_source,,,,
ntt,f09_encrypted_overlay_fabric,yes,not_confirmed,partner_integrated,legacy_without_field_source,https://dam.nttdata.com/api/public/content/Guide-NTT-DATA-and-Cisco-together-we-make-you-unbeatable-perspective-compressed?v=3f355dc9,"NTT DATA and Cisco describe an encrypted SD-WAN customer deployment and their managed SD-WAN services. NTT DATA documents an encrypted SD-WAN deployment with Cisco and managed services using Viptela/Meraki. Evidence establishes this delivery option, not every NTT platform or UK site availability.",2026-10-01,2026-12-30T00:00:00Z
ntt,f10_dynamic_path_selection,yes,not_confirmed,unknown,legacy_without_field_source,,,,
ntt,f11_active_active_link_utilisation,yes,not_confirmed,unknown,legacy_without_field_source,,,,
ntt,f12_application_aware_routing,yes,not_confirmed,unknown,legacy_without_field_source,,,,
ntt,f13_qos_and_traffic_shaping,yes,not_confirmed,yes,legacy_without_field_source,https://services.global.ntt/en-us,"Native, confirmed directly by name - SD-WAN networks 'can use additional resources to adapt to changes in demand and prioritize business-critical traffic' Native, confirmed directly by name - SD-WAN networks 'can use additional resources to adapt to changes in demand and prioritize business-critical traffic'",2026-07-22T00:00:00.000Z,2026-12-30T00:00:00Z
ntt,f14_packet_loss_remediation,yes,yes,unknown,same_grade,,,,
ntt,f15_local_internet_breakout,yes,not_confirmed,unknown,legacy_without_field_source,,,,
ntt,f16_mpls_coexistence_and_migration,yes,not_confirmed,unknown,legacy_without_field_source,,,,
ntt,f17_cellular_and_5g_support,partial,not_confirmed,partial,dated_sourced_difference,https://www.nttglobal.net/services/sd-wan,"Unrivaled performance and connectivity options: MPLS, Ethernet, Local Internet, Broadband, LTE/4G in over 190 countries. LTE/4G is named as a supported transport option alongside MPLS, Ethernet, internet and broadband. 5G is not named on the SD-WAN service page, the platform page or the security page, and no page reviewed mentions SIM management or signal monitoring. NTT DATA does market a separate Private 5G service, but that is a private cellular network offering rather than evidence of 5G WAN transport in the SD-WAN service, so it is not used to lift this grade.",2026-07-29,2026-12-30T00:00:00Z
ntt,f18_cloud_on_ramp,yes,not_confirmed,unknown,legacy_without_field_source,,,,
ntt,f19_public_cloud_gateways,yes,not_confirmed,yes,dated_sourced_difference,https://www.nttglobal.net/services/sd-wan,"Secure Web Gateways located at 75+ globally distributed Local Cloud Centers (LCCs) closer to client locations to protect customers from Internet threats. The Local Cloud Centers are NTT's own distributed infrastructure delivering secure web gateway enforcement as a cloud service, which meets the definition of vendor-operated shared gateways. Separately the page describes optimised connectivity to AWS, Azure and Oracle Cloud, but per the definition that cloud onramp capability is not counted as evidence here. The security functions enforced at these gateways may use partner technology, which is graded separately under sse_layer_ownership.",2026-07-29,2026-12-30T00:00:00Z
ntt,f20_private_pops_dedicated_pops,unknown,not_confirmed,unknown,same_grade,,,,
ntt,f21_private_global_backbone,yes,not_confirmed,yes,dated_sourced_difference,https://www.gin.ntt.net/,"Our dual-stack Tier-1 Global IP Network spans the Americas, Asia, Europe and Oceania on a single autonomous system number (AS2914). NTT owns and operates a Tier 1 global IP backbone under AS2914 spanning four continents, and publishes contractual inter-region latency, loss and jitter figures for it, which is the strongest form of evidence for this field. Caveat: this is the Global IP Network transit product; none of the SD-WAN or SASE pages reviewed states that SD-WAN inter-region traffic is carried on AS2914 by default rather than over the public internet.",2026-07-29,2026-12-30T00:00:00Z
ntt,f22_regional_breakout_and_data_residency,yes,not_confirmed,unknown,legacy_without_field_source,,,,
ntt,f23_multi_cloud_transit_fabric,yes,not_confirmed,unknown,legacy_without_field_source,,,,
ntt,f24_flexible_edge_form_factors,yes,not_confirmed,unknown,legacy_without_field_source,,,,
ntt,f25_high_availability_design,yes,yes,yes,same_grade,,,,
ntt,f26_sla_backed_service_fabric,yes,not_confirmed,yes,dated_sourced_difference,https://www.gin.ntt.net/support-center/service-level-agreements-slas/our-global-ip-network/,"The Global IP Network Backbone will be available to the customer free of Network Outages 100% of the time. NTT publishes a contractual SLA for its Global IP Network covering availability, region-by-region latency, packet loss (average monthly not exceeding 0.1%) and jitter. Confidence is medium because this SLA document covers the IP backbone product; no published SLA percentage or response and change-handling commitment specific to the managed SD-WAN or managed SASE service was located on the pages reviewed.",2026-07-29,2026-12-30T00:00:00Z
ntt,f27_integrated_next_generation_firewall,partner_integrated,not_confirmed,yes,dated_sourced_difference,https://nttdata.com/global/en/services/enterprise-networking/managed-network-services,"Native, via the confirmed Managed Network Security product line and the confirmed underlying platform partnerships None identified",2026-07-22T00:00:00.000Z,2026-12-30T00:00:00Z
ntt,f28_full_sase_platform,yes,not_confirmed,partial,legacy_without_field_source,,,,
ntt,f29_sse_ecosystem_integration,yes,not_confirmed,unknown,legacy_without_field_source,,,,
ntt,f30_zero_trust_network_access,yes,not_confirmed,yes,legacy_without_field_source,https://services.global.ntt/en-us/campaigns/managed-campus-networks-with-prisma-sase,"Native, confirmed directly and with genuine specificity - 'zero trust, identity-level security to strengthen the protection of enterprise digital resources and IT applications, no matter where employees access them' None identified",2026-07-22T00:00:00.000Z,2026-12-30T00:00:00Z
ntt,f31_secure_web_gateway,yes,not_confirmed,unknown,legacy_without_field_source,,,,
ntt,f32_casb_capability,yes,not_confirmed,unknown,legacy_without_field_source,,,,
ntt,f33_data_loss_prevention,unknown,not_confirmed,unknown,same_grade,,,,
ntt,f34_remote_user_access,yes,not_confirmed,unknown,legacy_without_field_source,,,,
ntt,f35_soc_siem_soar_integration,yes,not_confirmed,unknown,legacy_without_field_source,,,,
ntt,f36_centralised_orchestration,yes,not_confirmed,unknown,legacy_without_field_source,,,,
ntt,f37_customer_portal_and_rbac,yes,not_confirmed,unknown,legacy_without_field_source,,,,
ntt,f38_observability_and_digital_experience_monitoring,yes,not_confirmed,yes,legacy_without_field_source,https://nttdata.com/global/en/insights/reports/ntt-data-is-a-leader-in-managed-network-services,"Native, confirmed directly and with genuine specificity - 'Full-stack observability that gives you real-time visibility and analytics for faster resolution and enhanced end-user experiences' A distinctly-branded DEM product name wasn't itemised",2026-07-22T00:00:00.000Z,2026-12-30T00:00:00Z
ntt,f39_apis_and_automation,partial,not_confirmed,unknown,legacy_without_field_source,,,,
ntt,f40_managed_service_assurance,yes,not_confirmed,yes,dated_sourced_difference,https://www.nttglobal.net/services/sd-wan,"NTT's SD-WAN Services are managed by world-class Global Operations Centers that perform 24×7 predictive modeling, monitoring and management Quote uses a multiplication sign in 24×7 as printed on the page. NTT states 24x7 proactive monitoring and management from Global Operations Centers acting as a single point of contact, and the NTT DATA/Cisco brochure states that its ISO-certified operations and ITIL-aligned processes ensure service excellence in all areas, which implies formal change governance. Confidence is medium because no page reviewed explicitly commits to owning incidents through to root cause analysis or to structured periodic service reviews; NTT DATA's SPEKTRA platform page references AI-based root cause analysis as a platform feature but that wording was not independently verified as a contractual service commitment.",2026-07-29,2026-12-30T00:00:00Z
opensystems,f01_fully_managed_service,,yes,yes,no_legacy_record,,,,
opensystems,f02_diy_self_managed_model,,yes,yes,no_legacy_record,,,,
opensystems,f03_co_managed_service,,yes,yes,no_legacy_record,,,,
opensystems,f04_multi_tenant_msp_white_label_support,,not_confirmed,unknown,no_legacy_record,,,,
opensystems,f05_professional_services_and_migration_support,,yes,yes,no_legacy_record,,,,
opensystems,f06_last_mile_circuit_management,,not_confirmed,unknown,no_legacy_record,,,,
opensystems,f07_lifecycle_management,,not_confirmed,unknown,no_legacy_record,,,,
opensystems,f08_flexible_commercial_model,,not_confirmed,unknown,no_legacy_record,,,,
opensystems,f09_encrypted_overlay_fabric,,yes,yes,no_legacy_record,,,,
opensystems,f10_dynamic_path_selection,,not_confirmed,unknown,no_legacy_record,,,,
opensystems,f11_active_active_link_utilisation,,not_confirmed,unknown,no_legacy_record,,,,
opensystems,f12_application_aware_routing,,not_confirmed,unknown,no_legacy_record,,,,
opensystems,f13_qos_and_traffic_shaping,,not_confirmed,unknown,no_legacy_record,,,,
opensystems,f14_packet_loss_remediation,,not_confirmed,unknown,no_legacy_record,,,,
opensystems,f15_local_internet_breakout,,not_confirmed,yes,no_legacy_record,https://open-systems.com/company/customers/mammut/,"Native, confirmed directly via real, named customer-deployment detail - 'low-cost and secure internet breakouts' specifically described in the Mammut case study [16] Native, confirmed directly via real, named customer-deployment detail - 'low-cost and secure internet breakouts' specifically described in the Mammut case study",2026-07-22T00:00:00.000Z,2026-12-30T00:00:00Z
opensystems,f16_mpls_coexistence_and_migration,,yes,unknown,no_legacy_record,,,,
opensystems,f17_cellular_and_5g_support,,not_confirmed,unknown,no_legacy_record,,,,
opensystems,f18_cloud_on_ramp,,not_confirmed,unknown,no_legacy_record,,,,
opensystems,f19_public_cloud_gateways,,not_confirmed,unknown,no_legacy_record,,,,
opensystems,f20_private_pops_dedicated_pops,,not_confirmed,unknown,no_legacy_record,,,,
opensystems,f21_private_global_backbone,,not_confirmed,unknown,no_legacy_record,,,,
opensystems,f22_regional_breakout_and_data_residency,,not_confirmed,unknown,no_legacy_record,,,,
opensystems,f23_multi_cloud_transit_fabric,,not_confirmed,unknown,no_legacy_record,,,,
opensystems,f24_flexible_edge_form_factors,,not_confirmed,unknown,no_legacy_record,,,,
opensystems,f25_high_availability_design,,not_confirmed,unknown,no_legacy_record,,,,
opensystems,f26_sla_backed_service_fabric,,not_confirmed,unknown,no_legacy_record,,,,
opensystems,f27_integrated_next_generation_firewall,,not_confirmed,unknown,no_legacy_record,,,,
opensystems,f28_full_sase_platform,,partial,partial,no_legacy_record,,,,
opensystems,f29_sse_ecosystem_integration,,not_confirmed,unknown,no_legacy_record,,,,
opensystems,f30_zero_trust_network_access,,not_confirmed,unknown,no_legacy_record,,,,
opensystems,f31_secure_web_gateway,,not_confirmed,unknown,no_legacy_record,,,,
opensystems,f32_casb_capability,,not_confirmed,yes,no_legacy_record,https://eqtgroup.com/about/current-portfolio/open-systems,"Native, confirmed as part of the broader converged security stack [7] Specific inline-versus-API-mode technical detail not itemised",2026-07-22T00:00:00.000Z,2026-12-30T00:00:00Z
opensystems,f33_data_loss_prevention,,not_confirmed,unknown,no_legacy_record,,,,
opensystems,f34_remote_user_access,,not_confirmed,unknown,no_legacy_record,,,,
opensystems,f35_soc_siem_soar_integration,,not_confirmed,unknown,no_legacy_record,,,,
opensystems,f36_centralised_orchestration,,not_confirmed,unknown,no_legacy_record,,,,
opensystems,f37_customer_portal_and_rbac,,not_confirmed,unknown,no_legacy_record,,,,
opensystems,f38_observability_and_digital_experience_monitoring,,not_confirmed,unknown,no_legacy_record,,,,
opensystems,f39_apis_and_automation,,not_confirmed,unknown,no_legacy_record,,,,
opensystems,f40_managed_service_assurance,,not_confirmed,unknown,no_legacy_record,,,,
orange-business,f01_fully_managed_service,yes,yes,yes,same_grade,,,,
orange-business,f02_diy_self_managed_model,partial,not_confirmed,unknown,legacy_without_field_source,,,,
orange-business,f03_co_managed_service,partial,yes,yes,dated_sourced_difference,,,,
orange-business,f04_multi_tenant_msp_white_label_support,unknown,not_confirmed,unknown,same_grade,,,,
orange-business,f05_professional_services_and_migration_support,yes,yes,yes,same_grade,,,,
orange-business,f06_last_mile_circuit_management,yes,not_confirmed,unknown,legacy_without_field_source,,,,
orange-business,f07_lifecycle_management,partial,not_confirmed,partial,dated_sourced_difference,https://www.orange-business.com/en/solutions/internet-networks/flexible-sd-wan-international,"Our Service Level Agreements (SLAs) guarantee 100% site availability and quick issue resolution within five hours. Break-fix and repair commitments are documented (five hour issue resolution on Flexible SD-WAN, ""4-hour guaranteed time to repair (GTTR)"" on Galerie, ""5 hour Guaranteed Time To Repair"" on Business VPN), and Orange performs on-site installation. No page reviewed states that firmware upgrades, patching, licence renewals or end-of-life planning are included in the service, so this is graded partial rather than yes.",2026-07-29,2026-12-30T00:00:00Z
orange-business,f08_flexible_commercial_model,yes,not_confirmed,unknown,legacy_without_field_source,,,,
orange-business,f09_encrypted_overlay_fabric,yes,yes,yes,same_grade,,,,
orange-business,f10_dynamic_path_selection,yes,not_confirmed,yes,legacy_without_field_source,https://documentation.evolutionplatform.orange-business.com/docs/services/networking/sd-wan/,"Native, confirmed directly by name - 'adaptive routing mechanisms' and 'centralized controllers to direct network traffic in an intelligent and efficient manner' Native, confirmed directly by name - 'adaptive routing mechanisms' and 'centralized controllers to direct network traffic in an intelligent and efficient manner'",2026-07-22T00:00:00.000Z,2026-12-30T00:00:00Z
orange-business,f11_active_active_link_utilisation,yes,not_confirmed,unknown,legacy_without_field_source,,,,
orange-business,f12_application_aware_routing,yes,not_confirmed,yes,legacy_without_field_source,https://documentation.evolutionplatform.orange-business.com/docs/services/networking/sd-wan/,"Native, confirmed directly - 'centralized controllers to direct network traffic in an intelligent and efficient manner... to make the most of your network resources' None identified",2026-07-22T00:00:00.000Z,2026-12-30T00:00:00Z
orange-business,f13_qos_and_traffic_shaping,yes,not_confirmed,yes,legacy_without_field_source,https://documentation.evolutionplatform.orange-business.com/docs/services/networking/sd-wan/,"Native, confirmed directly - 'dynamic bandwidth management' named explicitly Native, confirmed directly - 'dynamic bandwidth management' named explicitly",2026-07-22T00:00:00.000Z,2026-12-30T00:00:00Z
orange-business,f14_packet_loss_remediation,yes,not_confirmed,unknown,legacy_without_field_source,,,,
orange-business,f15_local_internet_breakout,yes,not_confirmed,unknown,legacy_without_field_source,,,,
orange-business,f16_mpls_coexistence_and_migration,yes,yes,unknown,same_grade,,,,
orange-business,f17_cellular_and_5g_support,unknown,not_confirmed,yes,same_grade,https://orange-business.com/en/products/categories/internet-and-networks,"Native, confirmed directly by name - 'wireless options' named explicitly as a supported underlay type Native, confirmed directly by name - 'wireless options' named explicitly as a supported underlay type",2026-07-22T00:00:00.000Z,2026-12-30T00:00:00Z
orange-business,f18_cloud_on_ramp,yes,not_confirmed,yes,legacy_without_field_source,https://documentation.evolutionplatform.orange-business.com/docs/services/networking/sd-wan/,"Native, confirmed directly - 'SD-WAN also simplifies cloud connectivity, seamlessly integrating your cloud services with your network' Specific, named hyperscaler cloud on-ramp partnerships weren't itemised by name",2026-07-22T00:00:00.000Z,2026-12-30T00:00:00Z
orange-business,f19_public_cloud_gateways,yes,not_confirmed,yes,dated_sourced_difference,https://www.orange-business.com/en/solutions/internet-networks/business-vpn-internet,"Orange Business has invested in 16 global Internet gateways on five continents. These are Orange's own gateways, not a third party's: ""These distributed Internet gateways break traffic out closer to the user to eliminate the latency caused by the long physical distances between the user, the gateway and the destination web site."" Orange also publishes ""400 Points of Presence globally"" and operates the Galerie cloud gateway service. Caveat: the security enforcement running in the SASE PoPs is partner technology (Palo Alto Networks, Fortinet), so the gateway estate is Orange's own but the security stack inside it is not.",2026-07-29,2026-12-30T00:00:00Z
orange-business,f20_private_pops_dedicated_pops,unknown,not_confirmed,unknown,same_grade,,,,
orange-business,f21_private_global_backbone,yes,not_confirmed,yes,dated_sourced_difference,https://www.orange-business.com/en/solutions/network-solutions,"Orange Business uses its own network to create the digital services of tomorrow. Corroborated by the Galerie statement that ""Your sites, traffic and data are not exposed to the public Internet"", by the network solutions page claim ""#1 Global voice and data network"", by ""400 Points of Presence globally"" and by ""global reach covering 220 countries and territories"". This is a genuinely international backbone rather than a single-country network.",2026-07-29,2026-12-30T00:00:00Z
orange-business,f22_regional_breakout_and_data_residency,yes,not_confirmed,unknown,legacy_without_field_source,,,,
orange-business,f23_multi_cloud_transit_fabric,yes,not_confirmed,yes,legacy_without_field_source,https://documentation.evolutionplatform.orange-business.com/docs/services/networking/sd-wan/,"Native, confirmed directly - 'SD-WAN also simplifies cloud connectivity, seamlessly integrating your cloud services with your network' Specific, named hyperscaler cloud on-ramp partnerships weren't itemised by name",2026-07-22T00:00:00.000Z,2026-12-30T00:00:00Z
orange-business,f24_flexible_edge_form_factors,yes,not_confirmed,unknown,legacy_without_field_source,,,,
orange-business,f25_high_availability_design,yes,not_confirmed,unknown,legacy_without_field_source,,,,
orange-business,f26_sla_backed_service_fabric,yes,not_confirmed,yes,dated_sourced_difference,https://www.orange-business.com/en/solutions/internet-networks/flexible-sd-wan-international,"Our Service Level Agreements (SLAs) guarantee 100% site availability and quick issue resolution within five hours. Availability and time-to-repair commitments are published across Flexible SD-WAN, Business VPN (""99.95% site availability"" and ""5 hour Guaranteed Time To Repair"") and Galerie (""Orange Business commits to 100% Galerie availability and 4-hour guaranteed time to repair (GTTR)""). Latency, jitter and loss commitments and change-handling SLAs were not found on the pages reviewed.",2026-07-29,2026-12-30T00:00:00Z
orange-business,f27_integrated_next_generation_firewall,partner_integrated,not_confirmed,partner_integrated,dated_sourced_difference,https://www.orange-business.com/en/solutions/security/secure-gateway,"Secure Gateway consists of a new-generation firewall at the heart of the service The firewall function is present but the technology belongs to third parties Orange resells and manages. The Secure Gateway page names Fortinet and Palo Alto as its partners, the Fortinet partner page states ""Orange Business has chosen Fortinet Secure SD-WAN to enhance the Flexible SD-WAN offering, providing clients of all sizes worldwide with a security-focused solution"", and the Palo Alto press release names ""Prisma® SASE (Prisma Access + Prisma SD-WAN)"". Orange authors the management and service wrapper, not the firewall engine, hence partner_integrated rather than yes.",2026-07-29,2026-12-30T00:00:00Z
orange-business,f28_full_sase_platform,yes,partial,partial,legacy_without_field_source,,,,
orange-business,f29_sse_ecosystem_integration,yes,not_confirmed,unknown,legacy_without_field_source,,,,
orange-business,f30_zero_trust_network_access,yes,not_confirmed,unknown,legacy_without_field_source,,,,
orange-business,f31_secure_web_gateway,yes,not_confirmed,yes,legacy_without_field_source,https://orange-business.com/en/news-and-events/articles/orange-powers-digital-trust-sase-sd-wan-strategies,"Native, confirmed directly by name - 'augmenting industry-leading SSE capabilities from partners such as Netskope, Palo Alto, Zscaler, and Fortinet' Specific platform-by-platform packaging detail not itemised",2026-07-22T00:00:00.000Z,2026-12-30T00:00:00Z
orange-business,f32_casb_capability,yes,not_confirmed,unknown,legacy_without_field_source,,,,
orange-business,f33_data_loss_prevention,unknown,not_confirmed,unknown,same_grade,,,,
orange-business,f34_remote_user_access,yes,not_confirmed,unknown,legacy_without_field_source,,,,
orange-business,f35_soc_siem_soar_integration,yes,yes,yes,same_grade,,,,
orange-business,f36_centralised_orchestration,yes,not_confirmed,unknown,legacy_without_field_source,,,,
orange-business,f37_customer_portal_and_rbac,yes,not_confirmed,unknown,legacy_without_field_source,,,,
orange-business,f38_observability_and_digital_experience_monitoring,yes,not_confirmed,unknown,legacy_without_field_source,,,,
orange-business,f39_apis_and_automation,partial,not_confirmed,unknown,legacy_without_field_source,,,,
orange-business,f40_managed_service_assurance,yes,not_confirmed,yes,dated_sourced_difference,https://www.orange-business.com/en/solutions/security/secure-gateway,"Personalized services fully managed and supervised by our experts 24x7 Corroborated by ""Managed Firewall is ISO 20000 certified, and our SOCs are 27001 certified"" on the same page, by ""24/7/365 continuous monitoring of security systems worldwide"" and ""3,000+ multi-skilled cybersecurity experts"" on the Belgian SASE page, and by ""6 Major Service Centers covering all continents"" on the network solutions page. Round-the-clock NOC and SOC monitoring is well evidenced; formal root cause analysis ownership and structured service review or change governance are not explicitly stated on the pages reviewed, hence medium confidence.",2026-07-29,2026-12-30T00:00:00Z
palo-alto-networks,f01_fully_managed_service,managed_service_dependent,not_confirmed,unknown,dated_sourced_difference,,,,
palo-alto-networks,f02_diy_self_managed_model,yes,yes,yes,same_grade,,,,
palo-alto-networks,f03_co_managed_service,managed_service_dependent,not_confirmed,unknown,dated_sourced_difference,,,,
palo-alto-networks,f04_multi_tenant_msp_white_label_support,partial,not_confirmed,partial,dated_sourced_difference,https://www.paloaltonetworks.com/sase/managed-sase,"MSPs can securely delegate responsibilities while ensuring only authorized users can read or modify critical security configurations. Hierarchical multitenancy and granular role-based delegated administration are evidenced on the Managed SASE page (source 6) and the 2022 MSP press release (source 14), which describes a cloud-based management portal with hierarchical multitenancy using granular role-based access control. Graded partial rather than yes because no evidence of branded or white-label portals and service templates carrying the MSP's own brand was found on the pages reviewed; the Prisma SASE for MSPs datasheet (source 18) is gated and returned no usable text.",2026-07-29,2026-12-30T00:00:00Z
palo-alto-networks,f05_professional_services_and_migration_support,partner_integrated,not_confirmed,unknown,legacy_without_field_source,,,,
palo-alto-networks,f06_last_mile_circuit_management,partner_integrated,not_confirmed,unknown,legacy_without_field_source,,,,
palo-alto-networks,f07_lifecycle_management,partial,not_confirmed,partial,dated_sourced_difference,https://docs.paloaltonetworks.com/prisma-access/administration/sase-private-location,"Palo Alto Networks manages sizing, content versioning, monitoring, upgrades, and security subscriptions. For the cloud service and for SASE Private Location, Palo Alto Networks handles sizing, content versioning, upgrades and security subscriptions as part of the service. Graded partial because hardware replacement and RMA, ION appliance firmware handling, renewals and end-of-life planning were not evidenced: the Support Policies page (source 19) is a link index that returned no substantive text, and no RMA or end-of-life policy document was read in this task.",2026-07-29,2026-12-30T00:00:00Z
palo-alto-networks,f08_flexible_commercial_model,yes,not_confirmed,unknown,legacy_without_field_source,,,,
palo-alto-networks,f09_encrypted_overlay_fabric,yes,yes,yes,same_grade,,,,
palo-alto-networks,f10_dynamic_path_selection,yes,yes,yes,same_grade,,,,
palo-alto-networks,f11_active_active_link_utilisation,yes,not_confirmed,unknown,legacy_without_field_source,,,,
palo-alto-networks,f12_application_aware_routing,yes,yes,yes,same_grade,,,,
palo-alto-networks,f13_qos_and_traffic_shaping,yes,yes,yes,same_grade,,,,
palo-alto-networks,f14_packet_loss_remediation,yes,yes,unknown,same_grade,,,,
palo-alto-networks,f15_local_internet_breakout,yes,yes,yes,same_grade,,,,
palo-alto-networks,f16_mpls_coexistence_and_migration,yes,not_confirmed,unknown,legacy_without_field_source,,,,
palo-alto-networks,f17_cellular_and_5g_support,yes,yes,yes,same_grade,,,,
palo-alto-networks,f18_cloud_on_ramp,yes,yes,yes,same_grade,,,,
palo-alto-networks,f19_public_cloud_gateways,yes,not_confirmed,yes,dated_sourced_difference,https://docs.paloaltonetworks.com/prisma-access/administration/prisma-access-overview,"With Prisma Access, Palo Alto Networks deploys and manages the security infrastructure globally to secure your remote networks and mobile users. The PoPs are Palo Alto Networks' own service, sold under its own brand and covered by its own SLA, so this is yes rather than partner_integrated. Recorded for transparency: the compute those PoPs run on is rented from GCP and AWS (source 11), which is a hosting arrangement rather than reselling another vendor's SASE gateway service.",2026-07-29,2026-12-30T00:00:00Z
palo-alto-networks,f20_private_pops_dedicated_pops,yes,not_confirmed,yes,dated_sourced_difference,https://docs.paloaltonetworks.com/prisma-access/administration/sase-private-location,"SASE Private Location enables you to deploy Prisma Access services within your own infrastructure. SASE Private Location is a customer-hosted deployment of Prisma Access services on the customer's own hypervisor and ISP links, with Palo Alto Networks retaining backend management. Corroborated by the sovereignty blog (source 12), which states that for organisations with the most stringent data residency requirements Palo Alto offers SASE Private Location. Colo-Connect (source 9) is a different thing: private connectivity into the shared cloud, not a dedicated PoP.",2026-07-29,2026-12-30T00:00:00Z
palo-alto-networks,f21_private_global_backbone,partner_integrated,not_confirmed,partner_integrated,dated_sourced_difference,https://www.paloaltonetworks.com/blog/sase/the-architecture-behind-prisma-sase-99999-uptime/,"Prisma SASE leverages the infrastructure of major hyperscale providers such as Google Cloud Platform (GCP) and Amazon Web Services (AWS). Inter-region transport rides the backbones of Google Cloud and AWS rather than a network owned or controlled by Palo Alto Networks. The same post adds that Prisma SASE benefits from private peering connections between tier 1 cloud providers and other public cloud platforms, SaaS networks and ISPs, which again describes third-party peering. Colo-Connect (source 9) uses GCP interconnect technology, reinforcing the same conclusion. No evidence of Palo Alto-owned fibre, wavelengths or core routing was found.",2026-07-29,2026-12-30T00:00:00Z
palo-alto-networks,f22_regional_breakout_and_data_residency,yes,not_confirmed,unknown,legacy_without_field_source,,,,
palo-alto-networks,f23_multi_cloud_transit_fabric,yes,yes,yes,same_grade,,,,
palo-alto-networks,f24_flexible_edge_form_factors,yes,not_confirmed,unknown,legacy_without_field_source,,,,
palo-alto-networks,f25_high_availability_design,yes,not_confirmed,unknown,legacy_without_field_source,,,,
palo-alto-networks,f26_sla_backed_service_fabric,yes,not_confirmed,yes,dated_sourced_difference,https://www.paloaltonetworks.com/content/dam/pan/en_US/assets/pdf/datasheets/support/prisma-access-service-sla.pdf,"If, during any calendar month, the Service availability falls below 99.999%, Customer can submit a claim for credit The published SLA is contractual with service credits and covers three separate measures: service availability at 99.999%, a Monthly Security Processing Latency Percentage at 99.99% and a Monthly SaaS Application Latency Percentage at 99.99%, with credits scaling to 100% where availability falls below 98%. That goes beyond best-effort targets. Support response times and change handling commitments were not evidenced in the SLA text reviewed.",2026-07-29,2026-12-30T00:00:00Z
palo-alto-networks,f27_integrated_next_generation_firewall,yes,yes,yes,same_grade,,,,
palo-alto-networks,f28_full_sase_platform,yes,yes,yes,same_grade,,,,
palo-alto-networks,f29_sse_ecosystem_integration,yes,not_confirmed,unknown,legacy_without_field_source,,,,
palo-alto-networks,f30_zero_trust_network_access,yes,yes,yes,same_grade,,,,
palo-alto-networks,f31_secure_web_gateway,yes,yes,yes,same_grade,,,,
palo-alto-networks,f32_casb_capability,yes,yes,yes,same_grade,,,,
palo-alto-networks,f33_data_loss_prevention,yes,yes,yes,same_grade,,,,
palo-alto-networks,f34_remote_user_access,yes,yes,yes,same_grade,,,,
palo-alto-networks,f35_soc_siem_soar_integration,yes,yes,yes,same_grade,,,,
palo-alto-networks,f36_centralised_orchestration,yes,not_confirmed,unknown,legacy_without_field_source,,,,
palo-alto-networks,f37_customer_portal_and_rbac,yes,not_confirmed,unknown,legacy_without_field_source,,,,
palo-alto-networks,f38_observability_and_digital_experience_monitoring,yes,yes,yes,same_grade,,,,
palo-alto-networks,f39_apis_and_automation,yes,not_confirmed,unknown,legacy_without_field_source,,,,
palo-alto-networks,f40_managed_service_assurance,unknown,not_confirmed,unknown,same_grade,,,,
sonicwall,f01_fully_managed_service,partial,not_confirmed,unknown,dated_sourced_difference,,,,
sonicwall,f02_diy_self_managed_model,yes,yes,yes,same_grade,,,,
sonicwall,f03_co_managed_service,yes,not_confirmed,unknown,dated_sourced_difference,,,,
sonicwall,f04_multi_tenant_msp_white_label_support,partial,not_confirmed,unknown,dated_sourced_difference,,,,
sonicwall,f05_professional_services_and_migration_support,partner_integrated,not_confirmed,yes,dated_sourced_difference,https://prnewswire.com/news-releases/sonicwall-partner-ximpleit-deploys-cloud-secure-edge-to-deliver-zero-trust-security-to-legal-industry-clients-302790435.html,"Native, and genuinely one of the platform's clearest, most specifically-evidenced capabilities - explicit 'no rip-and-replace' positioning, confirmed 'guided migration, coexistence mode, and partner playbooks', and a real, named, dated 2026 case study describing exactly this scenario at an MSP [22] Native, and genuinely one of the platform's clearest, most specifically-evidenced capabilities - explicit 'no rip-and-replace' positioning, confirmed 'guided migration, coexistence mode, and partner playbooks', and a real, named, dated 2026 case study describing exactly this scenario at an MSP",2026-07-22T00:00:00.000Z,2026-12-30T00:00:00Z
sonicwall,f06_last_mile_circuit_management,partner_integrated,not_confirmed,unknown,legacy_without_field_source,,,,
sonicwall,f07_lifecycle_management,yes,not_confirmed,unknown,dated_sourced_difference,,,,
sonicwall,f08_flexible_commercial_model,yes,not_confirmed,unknown,legacy_without_field_source,,,,
sonicwall,f09_encrypted_overlay_fabric,yes,not_confirmed,unknown,legacy_without_field_source,,,,
sonicwall,f10_dynamic_path_selection,yes,not_confirmed,unknown,legacy_without_field_source,,,,
sonicwall,f11_active_active_link_utilisation,yes,not_confirmed,unknown,legacy_without_field_source,,,,
sonicwall,f12_application_aware_routing,yes,not_confirmed,unknown,legacy_without_field_source,,,,
sonicwall,f13_qos_and_traffic_shaping,yes,not_confirmed,unknown,legacy_without_field_source,,,,
sonicwall,f14_packet_loss_remediation,yes,not_confirmed,unknown,legacy_without_field_source,,,,
sonicwall,f15_local_internet_breakout,yes,not_confirmed,unknown,legacy_without_field_source,,,,
sonicwall,f16_mpls_coexistence_and_migration,yes,not_confirmed,unknown,legacy_without_field_source,,,,
sonicwall,f17_cellular_and_5g_support,partial,not_confirmed,unknown,dated_sourced_difference,,,,
sonicwall,f18_cloud_on_ramp,partial,not_confirmed,unknown,legacy_without_field_source,,,,
sonicwall,f19_public_cloud_gateways,yes,not_confirmed,unknown,dated_sourced_difference,,,,
sonicwall,f20_private_pops_dedicated_pops,yes,not_confirmed,unknown,dated_sourced_difference,,,,
sonicwall,f21_private_global_backbone,unknown,not_confirmed,unknown,same_grade,,,,
sonicwall,f22_regional_breakout_and_data_residency,partial,not_confirmed,unknown,legacy_without_field_source,,,,
sonicwall,f23_multi_cloud_transit_fabric,partial,not_confirmed,unknown,legacy_without_field_source,,,,
sonicwall,f24_flexible_edge_form_factors,yes,not_confirmed,unknown,legacy_without_field_source,,,,
sonicwall,f25_high_availability_design,yes,not_confirmed,unknown,legacy_without_field_source,,,,
sonicwall,f26_sla_backed_service_fabric,unknown,not_confirmed,unknown,same_grade,,,,
sonicwall,f27_integrated_next_generation_firewall,yes,not_confirmed,unknown,dated_sourced_difference,,,,
sonicwall,f28_full_sase_platform,partial,not_confirmed,unknown,legacy_without_field_source,,,,
sonicwall,f29_sse_ecosystem_integration,partial,not_confirmed,unknown,legacy_without_field_source,,,,
sonicwall,f30_zero_trust_network_access,partial,not_confirmed,unknown,legacy_without_field_source,,,,
sonicwall,f31_secure_web_gateway,yes,not_confirmed,unknown,legacy_without_field_source,,,,
sonicwall,f32_casb_capability,partial,not_confirmed,unknown,legacy_without_field_source,,,,
sonicwall,f33_data_loss_prevention,partial,not_confirmed,unknown,dated_sourced_difference,,,,
sonicwall,f34_remote_user_access,yes,not_confirmed,unknown,legacy_without_field_source,,,,
sonicwall,f35_soc_siem_soar_integration,yes,yes,yes,same_grade,,,,
sonicwall,f36_centralised_orchestration,yes,not_confirmed,unknown,legacy_without_field_source,,,,
sonicwall,f37_customer_portal_and_rbac,yes,not_confirmed,unknown,legacy_without_field_source,,,,
sonicwall,f38_observability_and_digital_experience_monitoring,partial,not_confirmed,unknown,legacy_without_field_source,,,,
sonicwall,f39_apis_and_automation,partial,not_confirmed,unknown,legacy_without_field_source,,,,
sonicwall,f40_managed_service_assurance,partial,not_confirmed,unknown,dated_sourced_difference,,,,
arista-velocloud,f01_fully_managed_service,partner_integrated,not_confirmed,partner_integrated,dated_sourced_difference,https://www.arista.com/assets/data/pdf/VeloCloud-SD-WAN-Data-Sheet.pdf,"Cloud-native by design, VeloCloud SD-WAN is delivered via a global network of Edge PoPs, either self-managed or as a managed service. Arista authors the platform; the managed-service option is operated by MSP and service-provider partners rather than by Arista end to end. Arista's own press release quotes T&A SYSTEME GmbH, 'a German MSP managing 7500+ sites in 98 countries', and MetTel as the parties running the service for customers. No Arista-run design-to-report managed service was found.",2026-07-29,2026-12-30T00:00:00Z
arista-velocloud,f02_diy_self_managed_model,yes,yes,yes,same_grade,,,,
arista-velocloud,f03_co_managed_service,partner_integrated,not_confirmed,unknown,legacy_without_field_source,,,,
arista-velocloud,f04_multi_tenant_msp_white_label_support,partial,not_confirmed,partial,dated_sourced_difference,https://www.arista.com/assets/data/pdf/SD-WAN-Solution-Overview.pdf,"Enterprises or their managed service providers can define business-level policies that apply enterprise-wide across many Edges Tenant isolation and delegated administration are evidenced by the multitenant Orchestrator, Controller and Gateway architecture and the three-tier RBAC model, and the partner programme carries 'SD-WAN MSP Partner Requirements'. Graded partial rather than yes because no page reviewed described branded or white-label partner portals, which the definition requires.",2026-07-29,2026-12-30T00:00:00Z
arista-velocloud,f05_professional_services_and_migration_support,yes,not_confirmed,unknown,dated_sourced_difference,,,,
arista-velocloud,f06_last_mile_circuit_management,partner_integrated,not_confirmed,unknown,legacy_without_field_source,,,,
arista-velocloud,f07_lifecycle_management,yes,not_confirmed,unknown,dated_sourced_difference,,,,
arista-velocloud,f08_flexible_commercial_model,yes,not_confirmed,unknown,legacy_without_field_source,,,,
arista-velocloud,f09_encrypted_overlay_fabric,yes,yes,yes,same_grade,,,,
arista-velocloud,f10_dynamic_path_selection,yes,yes,yes,same_grade,,,,
arista-velocloud,f11_active_active_link_utilisation,yes,not_confirmed,unknown,legacy_without_field_source,,,,
arista-velocloud,f12_application_aware_routing,yes,not_confirmed,unknown,legacy_without_field_source,,,,
arista-velocloud,f13_qos_and_traffic_shaping,yes,not_confirmed,unknown,legacy_without_field_source,,,,
arista-velocloud,f14_packet_loss_remediation,yes,yes,unknown,same_grade,,,,
arista-velocloud,f15_local_internet_breakout,yes,not_confirmed,unknown,legacy_without_field_source,,,,
arista-velocloud,f16_mpls_coexistence_and_migration,yes,not_confirmed,unknown,legacy_without_field_source,,,,
arista-velocloud,f17_cellular_and_5g_support,yes,not_confirmed,yes,dated_sourced_difference,https://www.arista.com/assets/data/pdf/Datasheets/VeloCloud-SD-WAN-Edge-7x0-Series.pdf,"Dual Physical SIM + single eSIM (single standby) The 7x0 datasheet documents an integrated Telit FN990A28 modem, 'LTE Category Cat-19', carrier aggregation, HSPA+ 3G fallback and a full 5G FR1 band list, with dual physical SIM plus eSIM. The product page states 'integrated WiFi and 5G' and the 4100/5100 page leads with 'Integrated 5G Enterprise-class SD-WAN appliances for branches'. LTE is also listed among supported WAN transports.",2026-07-29,2026-12-30T00:00:00Z
arista-velocloud,f18_cloud_on_ramp,yes,not_confirmed,unknown,legacy_without_field_source,,,,
arista-velocloud,f19_public_cloud_gateways,yes,not_confirmed,unknown,dated_sourced_difference,,,,
arista-velocloud,f20_private_pops_dedicated_pops,yes,not_confirmed,yes,dated_sourced_difference,https://www.arista.com/assets/data/pdf/SD-WAN-Solution-Overview.pdf,"Gateways can be deployed as partner Gateways on the premises of service providers, where they are managed by the service provider Gateways are not restricted to a shared multi-tenant estate: the datasheet describes 'A distributed, global network of gateways, hosted by Arista/service providers or deployed on-premises' and lists 'Partner Gateway Support' as a feature, covering customer-hosted and dedicated partner deployments. No sovereign-region offering was named on the pages reviewed.",2026-07-29,2026-12-30T00:00:00Z
arista-velocloud,f21_private_global_backbone,unknown,not_confirmed,unknown,same_grade,,,,
arista-velocloud,f22_regional_breakout_and_data_residency,partner_integrated,not_confirmed,unknown,legacy_without_field_source,,,,
arista-velocloud,f23_multi_cloud_transit_fabric,yes,not_confirmed,unknown,legacy_without_field_source,,,,
arista-velocloud,f24_flexible_edge_form_factors,yes,not_confirmed,unknown,legacy_without_field_source,,,,
arista-velocloud,f25_high_availability_design,yes,partner_integrated,partner_integrated,legacy_without_field_source,,,,
arista-velocloud,f26_sla_backed_service_fabric,unknown,not_confirmed,unknown,same_grade,,,,
arista-velocloud,f27_integrated_next_generation_firewall,partial,not_confirmed,yes,dated_sourced_difference,https://networkworld.com/article/4199622/arista-debuts-unified-sd-wan-edge-platform.html,"Native, and specifically confirmed as part of the in-development Edge Threat Management capability - firewalls, segmentation, DNS filtering, geolocation controls, and threat prevention embedded directly on VeloCloud edge devices [17] [21] Not yet generally available - planned for Q4 2026 as of this profile's research",2026-07-22T00:00:00.000Z,2026-12-30T00:00:00Z
arista-velocloud,f28_full_sase_platform,partner_integrated,partial,partial,legacy_without_field_source,,,,
arista-velocloud,f29_sse_ecosystem_integration,yes,not_confirmed,unknown,legacy_without_field_source,,,,
arista-velocloud,f30_zero_trust_network_access,partner_integrated,not_confirmed,unknown,legacy_without_field_source,,,,
arista-velocloud,f31_secure_web_gateway,partner_integrated,partner_integrated,partner_integrated,same_grade,,,,
arista-velocloud,f32_casb_capability,partner_integrated,partner_integrated,partner_integrated,same_grade,,,,
arista-velocloud,f33_data_loss_prevention,unknown,not_confirmed,unknown,same_grade,,,,
arista-velocloud,f34_remote_user_access,partner_integrated,not_confirmed,unknown,legacy_without_field_source,,,,
arista-velocloud,f35_soc_siem_soar_integration,yes,not_confirmed,unknown,legacy_without_field_source,,,,
arista-velocloud,f36_centralised_orchestration,yes,not_confirmed,unknown,legacy_without_field_source,,,,
arista-velocloud,f37_customer_portal_and_rbac,yes,not_confirmed,unknown,legacy_without_field_source,,,,
arista-velocloud,f38_observability_and_digital_experience_monitoring,yes,not_confirmed,unknown,legacy_without_field_source,,,,
arista-velocloud,f39_apis_and_automation,yes,not_confirmed,unknown,legacy_without_field_source,,,,
arista-velocloud,f40_managed_service_assurance,managed_service_dependent,not_confirmed,unknown,dated_sourced_difference,,,,
verizon-business,f01_fully_managed_service,yes,yes,yes,same_grade,,,,
verizon-business,f02_diy_self_managed_model,partial,not_confirmed,unknown,legacy_without_field_source,,,,
verizon-business,f03_co_managed_service,partial,yes,yes,dated_sourced_difference,,,,
verizon-business,f04_multi_tenant_msp_white_label_support,unknown,not_confirmed,unknown,same_grade,,,,
verizon-business,f05_professional_services_and_migration_support,yes,yes,yes,same_grade,,,,
verizon-business,f06_last_mile_circuit_management,yes,not_confirmed,unknown,legacy_without_field_source,,,,
verizon-business,f07_lifecycle_management,partial,not_confirmed,unknown,dated_sourced_difference,,,,
verizon-business,f08_flexible_commercial_model,yes,not_confirmed,unknown,legacy_without_field_source,,,,
verizon-business,f09_encrypted_overlay_fabric,yes,partner_integrated,partner_integrated,legacy_without_field_source,,,,
verizon-business,f10_dynamic_path_selection,yes,not_confirmed,unknown,legacy_without_field_source,,,,
verizon-business,f11_active_active_link_utilisation,yes,not_confirmed,unknown,legacy_without_field_source,,,,
verizon-business,f12_application_aware_routing,yes,not_confirmed,unknown,legacy_without_field_source,,,,
verizon-business,f13_qos_and_traffic_shaping,yes,not_confirmed,yes,legacy_without_field_source,https://verizon.com/business/resources/lp/secure-access-service-edge/,"Native, confirmed directly - 'increase your overall performance through a combination of caching, application organization' and prioritisation mechanisms [18] Native, confirmed directly - 'increase your overall performance through a combination of caching, application organization' and prioritisation mechanisms",2026-07-22T00:00:00.000Z,2026-12-30T00:00:00Z
verizon-business,f14_packet_loss_remediation,yes,not_confirmed,unknown,legacy_without_field_source,,,,
verizon-business,f15_local_internet_breakout,yes,not_confirmed,unknown,legacy_without_field_source,,,,
verizon-business,f16_mpls_coexistence_and_migration,yes,yes,unknown,same_grade,,,,
verizon-business,f17_cellular_and_5g_support,partial,not_confirmed,partial,dated_sourced_difference,https://www.verizon.com/business/products/networks/managed-network-services/managed-sd-branch/,"Whether you have Verizon wireline or wireless access, SD Branch can support both. Graded partial rather than yes. Wireless access as a supported transport is stated plainly, and the same page describes a wireless backup option, which covers the failover half of the definition. However the words '5G', '4G' and 'LTE' do not appear in this context, and SIM management and signal monitoring were not found on any page reviewed (sources 3, 4, 8, 9, 21). Verizon is of course a mobile network operator, but that is prior knowledge and cannot be graded from; only what the pages state is reflected here.",2026-07-29,2026-12-30T00:00:00Z
verizon-business,f18_cloud_on_ramp,yes,not_confirmed,yes,legacy_without_field_source,https://verizon.com/business/answers/what-is-cloud-sase/,"Native, confirmed directly via the specifically-named Virtual Network Services (VNS) platform and its VNS Application Edge capability [6] Native, confirmed directly via the specifically-named Virtual Network Services (VNS) platform and its VNS Application Edge capability",2026-07-22T00:00:00.000Z,2026-12-30T00:00:00Z
verizon-business,f19_public_cloud_gateways,partner_integrated,not_confirmed,partner_integrated,dated_sourced_difference,https://www.verizon.com/business/en-gb/products/security/network-cloud-security/advanced-secure-access-service-edge/,"Integrates network operation centers (NOCs) and security operation centers (SOCs) with our Managed SD WAN and Virtual Network Services (VNS), and supports Versa, Cisco cEdge and vEdge, Zscaler ZIA, Zscaler ZPA and Palo Alto Prisma Access. This is the pivotal judgement in the record. The cloud gateways that actually enforce security and deliver remote access in Verizon's SASE service are Zscaler Internet Access, Zscaler Private Access and Palo Alto Prisma Access, all of which run on those vendors' own global PoP estates, not Verizon's. Verizon's service guide carries a Zscaler product description (source 12) confirming it resells those subscriptions. Verizon operates substantial infrastructure of its own, but that is the MPLS and IP transport layer, not a Verizon-built cloud security edge, so the definition forces partner_integrated rather than yes. An identical vendor list was found on both the UK and US product pages, so this is not a regional arrangement.",2026-07-29,2026-12-30T00:00:00Z
verizon-business,f20_private_pops_dedicated_pops,unknown,not_confirmed,unknown,same_grade,,,,
verizon-business,f21_private_global_backbone,yes,not_confirmed,yes,dated_sourced_difference,https://www.verizon.com/business/products/networks/connectivity/private-ip/,"Private IP is a MultiProtocol Label Switching (MPLS) network that connects locations and clouds around the globe in 185+ countries. Comfortably meets the definition and is not a single-country case. Verizon operates a genuinely global MPLS backbone reaching 185+ countries, the Private IP page states 'Traffic is completely separated from the public internet to help keep it secure', and source 11 carries the ownership claim 'we own and operate one of the largest and most reliable networks on the planet'. Inter-region predictability is contractually underwritten by the Private IP SLA (source 7), which commits to jitter of '< 5 ms' PE to PE for EF class and a packet delivery ratio of '99.995%' for EF, exactly the sort of between-PoP commitment the definition contemplates.",2026-07-29,2026-12-30T00:00:00Z
verizon-business,f22_regional_breakout_and_data_residency,yes,not_confirmed,unknown,legacy_without_field_source,,,,
verizon-business,f23_multi_cloud_transit_fabric,yes,not_confirmed,unknown,legacy_without_field_source,,,,
verizon-business,f24_flexible_edge_form_factors,yes,not_confirmed,unknown,legacy_without_field_source,,,,
verizon-business,f25_high_availability_design,yes,not_confirmed,unknown,legacy_without_field_source,,,,
verizon-business,f26_sla_backed_service_fabric,yes,not_confirmed,yes,dated_sourced_difference,https://www.verizon.com/business/service_guide/reg/NaaS-SLA-2026JAN15-mk.pdf,"This SLA only applies to Verizon managed NaaS components on a NaaS Order. Among the strongest evidence in this record because it rests on contractual documents rather than marketing pages. Three separate published SLAs were read. The NaaS SLA (source 6) commits to tiered site availability, to repair response of '3.5 hours (US)' or '4 hours (rest of world)' for managed devices, and to proactive incident notification 'within 15 minutes of opening such Priority 1 Trouble Ticket'. The Private IP SLA adds latency, jitter and packet delivery ratio standards. This is contractual rather than best-effort, covering uptime, response and incident handling together.",2026-07-29,2026-12-30T00:00:00Z
verizon-business,f27_integrated_next_generation_firewall,partner_integrated,not_confirmed,partner_integrated,dated_sourced_difference,https://www.verizon.com/business/resources/technology-partners/versa-integrated-solutions/,"Intrusion detection and prevention services (IDS/IPS) The full NGFW feature set is present in the delivered service: the Versa partner page lists IDS/IPS alongside 'Antispam, antimalware and URL filtering' and DLP, and the SASE pages describe firewall as a service. But every one of those functions is another company's technology that Verizon bundles and manages, named on Verizon's own pages as Versa, Cisco cEdge and vEdge, Palo Alto Prisma Access and Zscaler, with the SASE landing page adding Netskope and Viptela. No evidence was found of a Verizon-authored firewall engine. Under the definition's explicit instruction, third-party firewall technology that the supplier resells or bundles grades partner_integrated, not yes.",2026-07-29,2026-12-30T00:00:00Z
verizon-business,f28_full_sase_platform,yes,partial,partner_integrated,legacy_without_field_source,,,,
verizon-business,f29_sse_ecosystem_integration,yes,not_confirmed,unknown,legacy_without_field_source,,,,
verizon-business,f30_zero_trust_network_access,yes,not_confirmed,yes,legacy_without_field_source,https://verizon.com/business/products/security/network-cloud-security/sase-management/,"Native, confirmed directly and with genuine specificity - Zscaler Private Access (ZPA) named directly [2] None identified",2026-07-22T00:00:00.000Z,2026-12-30T00:00:00Z
verizon-business,f31_secure_web_gateway,yes,not_confirmed,yes,legacy_without_field_source,https://verizon.com/business/products/security/network-cloud-security/sase-management/,"Native, confirmed as part of the multi-platform SASE architecture [2] Capability specifics depend on which underlying platform is proposed",2026-07-22T00:00:00.000Z,2026-12-30T00:00:00Z
verizon-business,f32_casb_capability,yes,not_confirmed,yes,legacy_without_field_source,https://verizon.com/business/products/security/network-cloud-security/sase-management/,"Native, confirmed directly by name as a core SASE architecture component described in Verizon's own SASE definition materials [2] Specific inline-versus-API-mode technical detail not itemised per platform",2026-07-22T00:00:00.000Z,2026-12-30T00:00:00Z
verizon-business,f33_data_loss_prevention,partner_integrated,not_confirmed,unknown,dated_sourced_difference,,,,
verizon-business,f34_remote_user_access,yes,not_confirmed,unknown,legacy_without_field_source,,,,
verizon-business,f35_soc_siem_soar_integration,yes,not_confirmed,unknown,legacy_without_field_source,,,,
verizon-business,f36_centralised_orchestration,yes,not_confirmed,unknown,legacy_without_field_source,,,,
verizon-business,f37_customer_portal_and_rbac,yes,not_confirmed,unknown,legacy_without_field_source,,,,
verizon-business,f38_observability_and_digital_experience_monitoring,yes,not_confirmed,unknown,legacy_without_field_source,,,,
verizon-business,f39_apis_and_automation,partial,not_confirmed,unknown,legacy_without_field_source,,,,
verizon-business,f40_managed_service_assurance,yes,not_confirmed,yes,dated_sourced_difference,https://www.verizon.com/business/resources/technology-partners/versa-integrated-solutions/,"Support provided by Verizon's Network Operations Center (NOC) and Security Operations Center (SOC) teams Both a NOC and a SOC are Verizon's own and wrap the partner technology, which is the core of the definition. Proactive ownership is contractual rather than merely claimed: the NaaS SLA commits Verizon to open a trouble ticket for each Priority 1 incident and notify the customer within 15 minutes. The SOC services page adds 'Gain 24/7 access to monitoring, extensive global threat visibility and expert analysis', and SD Branch confirms '24/7/365 access to Managed SD Branch reporting'. Confidence is medium rather than high because two named elements of the definition, formal root cause analysis and structured periodic service reviews with change governance, were not found verbatim on any page reviewed.",2026-07-29,2026-12-30T00:00:00Z
versa-networks,f01_fully_managed_service,partial,not_confirmed,partial,dated_sourced_difference,https://versa-networks.com/documents/solution-briefs/versa-sase.pdf,"In this model Versa NOC is responsible for managing and maintaining Versa SASE, while the customer IT team is responsible for management and monitoring of the CPEs. Versa does operate a NOC and a hosted, managed head-end and gateway service under its own SLA, so part of the estate is genuinely run by Versa. But its own solution brief places CPE management with the customer IT team in that model, and the alternative model places configuration management and monitoring with a Service Provider. End-to-end design, deploy, change, support and report by Versa itself for the whole service is not evidenced, so partial rather than yes.",2026-07-29,2026-12-30T00:00:00Z
versa-networks,f02_diy_self_managed_model,yes,yes,yes,same_grade,,,,
versa-networks,f03_co_managed_service,yes,not_confirmed,yes,dated_sourced_difference,https://versa-networks.com/documents/solution-briefs/versa-sase.pdf,"In this model Versa NOC is responsible for managing and maintaining Versa SASE, while the customer IT team is responsible for management and monitoring of the CPEs. This is a textbook split of responsibility: Versa runs the platform and the customer retains CPE operations. Concerto's provider-level and tenant-level roles document the same shared model in the tooling.",2026-07-29,2026-12-30T00:00:00Z
versa-networks,f04_multi_tenant_msp_white_label_support,yes,not_confirmed,unknown,legacy_without_field_source,,,,
versa-networks,f05_professional_services_and_migration_support,unknown,yes,yes,dated_sourced_difference,,,,
versa-networks,f06_last_mile_circuit_management,partner_integrated,not_confirmed,unknown,legacy_without_field_source,,,,
versa-networks,f07_lifecycle_management,partial,not_confirmed,partial,dated_sourced_difference,https://versa-networks.com/documents/datasheets/versa-networks-hosted-and-managed-head-end.pdf,"Head-end server hardware OS and security patch upgrades and updates For the hosted head-end, Versa documents software upgrades of Director, Analytics, Controller, Concerto and VMS plus OS and security patching, which is lifecycle handled as part of the service. Separately, hardware documentation covers a two-year limited warranty, next-business-day and same-business-day advance replacement, DOA handling and an end-of-life policy. Graded partial rather than yes because branch CPE firmware upgrades and renewals in a typical Versa deployment sit with the customer or the service provider partner, and hardware replacement coverage is a purchased support tier rather than something evidenced as included in the service by default.",2026-07-29,2026-12-30T00:00:00Z
versa-networks,f08_flexible_commercial_model,yes,not_confirmed,unknown,legacy_without_field_source,,,,
versa-networks,f09_encrypted_overlay_fabric,yes,yes,yes,same_grade,,,,
versa-networks,f10_dynamic_path_selection,yes,not_confirmed,unknown,legacy_without_field_source,,,,
versa-networks,f11_active_active_link_utilisation,yes,not_confirmed,unknown,legacy_without_field_source,,,,
versa-networks,f12_application_aware_routing,yes,yes,yes,same_grade,https://versa-networks.com/news/2018/versa-networks-present-adobe-sd-wan-use-case-onug-fall-2018.php,"Native, per-application SLA-based routing confirmed specifically via the Adobe deployment [19] Native, per-application SLA-based routing confirmed specifically via the Adobe deployment",2026-07-22T00:00:00.000Z,2026-12-30T00:00:00Z
versa-networks,f13_qos_and_traffic_shaping,yes,not_confirmed,unknown,legacy_without_field_source,,,,
versa-networks,f14_packet_loss_remediation,yes,yes,unknown,same_grade,,,,
versa-networks,f15_local_internet_breakout,yes,not_confirmed,unknown,legacy_without_field_source,,,,
versa-networks,f16_mpls_coexistence_and_migration,yes,yes,unknown,same_grade,,,,
versa-networks,f17_cellular_and_5g_support,yes,not_confirmed,yes,dated_sourced_difference,https://docs.versa-networks.com/Secure_SD-WAN/01_Configuration_from_Director/Common_Configuration/Configure_WWAN,"The term WWAN interfaces refers to LTE, 4G, and 5G interfaces. Documentation covers LTE, 4G and 5G on a VOS WAN port, SIM activation and operator ID checks, and radio quality monitoring via RSRP, RSRQ, RSSI and SINR with banded signal states. It is documented as usable where a branch has no wired connection and alongside wired links, so both primary and failover roles are covered. On the source page the words WWAN interfaces are italicised; the italics add no characters to the rendered text.",2026-07-29,2026-12-30T00:00:00Z
versa-networks,f18_cloud_on_ramp,yes,yes,yes,same_grade,https://docs.versa-networks.com/Integrations_and_Solutions/Integrations/Endpoint_Detection_and_Response/Integrate_Versa_SASE_with_CrowdStrike_Falcon,"Native - confirmed explicitly for AWS-hosted VOS deployment, described as 'cloud edge deployment such as AWS running VOS' [24] Native - confirmed explicitly for AWS-hosted VOS deployment, described as 'cloud edge deployment such as AWS running VOS'",2026-07-22T00:00:00.000Z,2026-12-30T00:00:00Z
versa-networks,f19_public_cloud_gateways,yes,not_confirmed,yes,dated_sourced_difference,https://docs.versa-networks.com/Security_Service_Edge_(SSE)/Configuration_from_Director/Ecosystem/Versa_SASE_Ecosystem,"Versa Cloud Gateways (VCGs) are Versa SASE Gateways which are deployed in Point of Presence (PoP) locations around the world. These are Versa's own gateways running Versa's own VOS software, not a third party's PoPs resold under Versa's name, so yes rather than partner_integrated. They deliver secure internet access, ZTNA, threat protection and DLP as a cloud service, and the SASE client selects the VCG offering lowest latency.",2026-07-29,2026-12-30T00:00:00Z
versa-networks,f20_private_pops_dedicated_pops,yes,not_confirmed,yes,dated_sourced_difference,https://versa-networks.com/products/,"Versa SASE is delivered via the cloud, on-premises, or as a blended combination of both Versa markets Private SASE and Sovereign SASE as distinct deployment models alongside the shared cloud. Network World, a named-author dated source, reports that Sovereign SASE runs entirely on customer-controlled infrastructure with the customer choosing its own compute, on-premises or in a private cloud. Confidence is medium rather than high because the Sovereign SASE product page itself would not render without JavaScript, so the strongest Tier 1 statement of the claim could not be read directly.",2026-07-29,2026-12-30T00:00:00Z
versa-networks,f21_private_global_backbone,partial,not_confirmed,partial,dated_sourced_difference,https://docs.versa-networks.com/Security_Service_Edge_(SSE)/Configuration_from_Director/Ecosystem/Versa_SASE_Ecosystem,"Versa SD-WAN Traffic Engineered network which uses multiple global and regional providers for the underlay. Inter-gateway traffic rides a Versa-controlled traffic-engineered overlay that selects paths on least end-to-end latency and loss, and each VCG is connected to multiple global and multiple regional service providers with peering relationships. But the underlay is explicitly other carriers' capacity, not fibre or circuits owned by Versa. Graded partial: the control plane and path selection are Versa's, the physical backbone is not.",2026-07-29,2026-12-30T00:00:00Z
versa-networks,f22_regional_breakout_and_data_residency,yes,not_confirmed,unknown,legacy_without_field_source,,,,
versa-networks,f23_multi_cloud_transit_fabric,yes,yes,yes,same_grade,,,,
versa-networks,f24_flexible_edge_form_factors,yes,not_confirmed,yes,legacy_without_field_source,https://docs.versa-networks.com/Integrations_and_Solutions/Integrations/Endpoint_Detection_and_Response/Integrate_Versa_SASE_with_CrowdStrike_Falcon,"Native - Versa-certified white-box routers (third-party hardware running VOS) confirmed specifically via the Adobe deployment account; branch edge devices, cloud edge deployment, and on-premises appliances all confirmed as supported form factors [24] Native - Versa-certified white-box routers (third-party hardware running VOS) confirmed specifically via the Adobe deployment account; branch edge devices, cloud edge deployment, and on-premises appliances all confirmed as supported form factors",2026-07-22T00:00:00.000Z,2026-12-30T00:00:00Z
versa-networks,f25_high_availability_design,yes,not_confirmed,yes,legacy_without_field_source,https://versa-networks.com/customers/case-studies/,"Native, confirmed at a specific, quantified level via the Adobe case study - 'four-nines of availability for critical services' was an explicit deployment requirement Versa was chosen to meet [18] Native, confirmed at a specific, quantified level via the Adobe case study - 'four-nines of availability for critical services' was an explicit deployment requirement Versa was chosen to meet",2026-07-22T00:00:00.000Z,2026-12-30T00:00:00Z
versa-networks,f26_sla_backed_service_fabric,yes,not_confirmed,yes,dated_sourced_difference,https://versa-networks.com/documents/Versa-Hosted-SASE-SLA.pdf,"target Uptime average of 99.999% (""Uptime SLA Percentage"") measured monthly A published, dated SLA document covering Versa Hosted and Managed Secure Services Edge Gateways, with a tiered service-credit table running from 2 days of credit for uptime below 99.999% up to 24 days below 98.0%, plus a security processing latency commitment of 10ms without TLS inspection and 50ms with anti-virus, malware detection and IPS with TLS decryption. Contractual rather than best-effort, including a two calendar day claim window.",2026-07-29,2026-12-30T00:00:00Z
versa-networks,f27_integrated_next_generation_firewall,yes,yes,yes,same_grade,,,,
versa-networks,f28_full_sase_platform,yes,yes,yes,same_grade,,,,
versa-networks,f29_sse_ecosystem_integration,yes,not_confirmed,unknown,legacy_without_field_source,,,,
versa-networks,f30_zero_trust_network_access,yes,yes,yes,same_grade,,,,
versa-networks,f31_secure_web_gateway,yes,yes,yes,same_grade,,,,
versa-networks,f32_casb_capability,yes,yes,yes,same_grade,,,,
versa-networks,f33_data_loss_prevention,yes,not_confirmed,yes,dated_sourced_difference,https://docs.versa-networks.com/Security_Service_Edge_(SSE)/Configuration_from_Concerto/Configure_Data_Loss_Prevention_in_Concerto,"Data loss prevention (DLP) is a set of tools and processes for detecting and preventing data breaches, cyber exfiltration, and unwanted destruction of sensitive data. Native to the platform and configured from Concerto. Content passing through the organisation's ports and protocols is scanned against match rules, with enforcement actions of Alert, Allow, Block, Reject, Quarantine, Encrypt, Redact or Tokenize, and all actions reported to Versa Analytics for review. Documentation also covers offline DLP, DLP data exfiltration policies and applying Microsoft MIP sensitivity labels.",2026-07-29,2026-12-30T00:00:00Z
versa-networks,f34_remote_user_access,yes,yes,yes,same_grade,,,,
versa-networks,f35_soc_siem_soar_integration,yes,yes,yes,same_grade,https://docs.versa-networks.com/Integrations_and_Solutions/Integrations/SIEM/Versa_Analytics_and_CrowdStrike_NG-SIEM_Integration,"Native, confirmed and well-evidenced via Versa Analytics' specific, itemised log-type list (flow logs, SD-WAN path and bandwidth usage, CGNAT, DHCP, DNS, SASE-web monitoring, secure access, traffic conditioning, URL filtering, and IDP logs) and confirmed export to CrowdStrike Falcon Next-Gen SIEM [26] Not confirmed",2026-07-22T00:00:00.000Z,2026-12-30T00:00:00Z
versa-networks,f36_centralised_orchestration,yes,not_confirmed,yes,legacy_without_field_source,https://versa-networks.com/,"Native, confirmed via a named practitioner review describing the console's 'ZTP (zero touch provisioning)' capability speeding up implementation [7] Native, confirmed via a named practitioner review describing the console's 'ZTP (zero touch provisioning)' capability speeding up implementation",2026-07-22T00:00:00.000Z,2026-12-30T00:00:00Z
versa-networks,f37_customer_portal_and_rbac,yes,not_confirmed,unknown,legacy_without_field_source,,,,
versa-networks,f38_observability_and_digital_experience_monitoring,yes,not_confirmed,unknown,legacy_without_field_source,,,,
versa-networks,f39_apis_and_automation,yes,not_confirmed,unknown,legacy_without_field_source,,,,
versa-networks,f40_managed_service_assurance,partial,not_confirmed,partial,dated_sourced_difference,https://versa-networks.com/documents/datasheets/versa-premier-service.pdf,"Versa will provide Root-Cause Analysis for customer-reported P1 issues. The NOC half is evidenced: 24x7 monitoring of head-end alarms and application health, a Versa NOC responsible for managing and maintaining Versa SASE, formal root cause analysis on P1 incidents, and scheduled periodic or quarterly customer review meetings. What I did not find on any page I read is a 24x7 SOC performing proactive security monitoring on the customer's behalf, nor a documented change governance process. Graded partial on that gap. Note also that the Premier Service datasheet carries a 2020 copyright.",2026-07-29,2026-12-30T00:00:00Z
virgin-media-o2,f01_fully_managed_service,,yes,yes,no_legacy_record,,,,
virgin-media-o2,f02_diy_self_managed_model,,not_confirmed,unknown,no_legacy_record,,,,
virgin-media-o2,f03_co_managed_service,,yes,yes,no_legacy_record,,,,
virgin-media-o2,f04_multi_tenant_msp_white_label_support,,not_confirmed,unknown,no_legacy_record,,,,
virgin-media-o2,f05_professional_services_and_migration_support,,not_confirmed,unknown,no_legacy_record,,,,
virgin-media-o2,f06_last_mile_circuit_management,,not_confirmed,unknown,no_legacy_record,,,,
virgin-media-o2,f07_lifecycle_management,,not_confirmed,unknown,no_legacy_record,,,,
virgin-media-o2,f08_flexible_commercial_model,,not_confirmed,unknown,no_legacy_record,,,,
virgin-media-o2,f09_encrypted_overlay_fabric,,yes,yes,no_legacy_record,,,,
virgin-media-o2,f10_dynamic_path_selection,,not_confirmed,yes,no_legacy_record,https://virginmediao2business.co.uk/connectivity/sd-wan/,"Native, confirmed directly by name - 'automatically path adjustment based on real-time conditions with dynamic application-aware routing' [10] [13] Native, confirmed directly by name - 'automatically path adjustment based on real-time conditions with dynamic application-aware routing'",2026-07-22T00:00:00.000Z,2026-12-30T00:00:00Z
virgin-media-o2,f11_active_active_link_utilisation,,not_confirmed,unknown,no_legacy_record,,,,
virgin-media-o2,f12_application_aware_routing,,not_confirmed,yes,no_legacy_record,https://virginmediao2business.co.uk/connectivity/sd-wan/,"Native, confirmed directly and with genuine specificity - 'automatically path adjustment based on real-time conditions with dynamic application-aware routing' [10] [13] None identified",2026-07-22T00:00:00.000Z,2026-12-30T00:00:00Z
virgin-media-o2,f13_qos_and_traffic_shaping,,not_confirmed,yes,no_legacy_record,https://virginmediao2business.co.uk/connectivity/sd-wan/,"Native, confirmed directly - 'prioritising applications, focussing on critical services' and 'boost peak time performance and cut the need for MPLS circuits' [10] [13] Native, confirmed directly - 'prioritising applications, focussing on critical services' and 'boost peak time performance and cut the need for MPLS circuits'",2026-07-22T00:00:00.000Z,2026-12-30T00:00:00Z
virgin-media-o2,f14_packet_loss_remediation,,not_confirmed,unknown,no_legacy_record,,,,
virgin-media-o2,f15_local_internet_breakout,,not_confirmed,unknown,no_legacy_record,,,,
virgin-media-o2,f16_mpls_coexistence_and_migration,,not_confirmed,unknown,no_legacy_record,,,,
virgin-media-o2,f17_cellular_and_5g_support,,not_confirmed,yes,no_legacy_record,https://virginmediao2business.co.uk/connectivity/sd-wan/,"Native, confirmed directly by name as a supported WAN underlay [10] [13] Native, confirmed directly by name as a supported WAN underlay",2026-07-22T00:00:00.000Z,2026-12-30T00:00:00Z
virgin-media-o2,f18_cloud_on_ramp,,not_confirmed,yes,no_legacy_record,https://virginmediao2business.co.uk/connectivity/sd-wan/,"Native, confirmed directly and with genuine specificity - 'connecting directly to cloud apps including AWS, Azure and Google Cloud' [10] [13] None identified",2026-07-22T00:00:00.000Z,2026-12-30T00:00:00Z
virgin-media-o2,f19_public_cloud_gateways,,not_confirmed,unknown,no_legacy_record,,,,
virgin-media-o2,f20_private_pops_dedicated_pops,,not_confirmed,unknown,no_legacy_record,,,,
virgin-media-o2,f21_private_global_backbone,,not_confirmed,unknown,no_legacy_record,,,,
virgin-media-o2,f22_regional_breakout_and_data_residency,,not_confirmed,unknown,no_legacy_record,,,,
virgin-media-o2,f23_multi_cloud_transit_fabric,,not_confirmed,yes,no_legacy_record,https://virginmediao2business.co.uk/connectivity/sd-wan/,"Native, confirmed directly and with genuine specificity - 'connecting directly to cloud apps including AWS, Azure and Google Cloud' [10] [13] None identified",2026-07-22T00:00:00.000Z,2026-12-30T00:00:00Z
virgin-media-o2,f24_flexible_edge_form_factors,,not_confirmed,unknown,no_legacy_record,,,,
virgin-media-o2,f25_high_availability_design,,not_confirmed,unknown,no_legacy_record,,,,
virgin-media-o2,f26_sla_backed_service_fabric,,not_confirmed,unknown,no_legacy_record,,,,
virgin-media-o2,f27_integrated_next_generation_firewall,,not_confirmed,unknown,no_legacy_record,,,,
virgin-media-o2,f28_full_sase_platform,,partial,partial,no_legacy_record,,,,
virgin-media-o2,f29_sse_ecosystem_integration,,not_confirmed,unknown,no_legacy_record,,,,
virgin-media-o2,f30_zero_trust_network_access,,not_confirmed,unknown,no_legacy_record,,,,
virgin-media-o2,f31_secure_web_gateway,,not_confirmed,unknown,no_legacy_record,,,,
virgin-media-o2,f32_casb_capability,,not_confirmed,unknown,no_legacy_record,,,,
virgin-media-o2,f33_data_loss_prevention,,not_confirmed,unknown,no_legacy_record,,,,
virgin-media-o2,f34_remote_user_access,,not_confirmed,unknown,no_legacy_record,,,,
virgin-media-o2,f35_soc_siem_soar_integration,,not_confirmed,unknown,no_legacy_record,,,,
virgin-media-o2,f36_centralised_orchestration,,not_confirmed,unknown,no_legacy_record,,,,
virgin-media-o2,f37_customer_portal_and_rbac,,not_confirmed,unknown,no_legacy_record,,,,
virgin-media-o2,f38_observability_and_digital_experience_monitoring,,not_confirmed,unknown,no_legacy_record,,,,
virgin-media-o2,f39_apis_and_automation,,not_confirmed,unknown,no_legacy_record,,,,
virgin-media-o2,f40_managed_service_assurance,,not_confirmed,unknown,no_legacy_record,,,,
vodafone-business,f01_fully_managed_service,yes,yes,yes,same_grade,,,,
vodafone-business,f02_diy_self_managed_model,partial,not_confirmed,unknown,legacy_without_field_source,,,,
vodafone-business,f03_co_managed_service,yes,yes,yes,same_grade,,,,
vodafone-business,f04_multi_tenant_msp_white_label_support,unknown,not_confirmed,unknown,same_grade,,,,
vodafone-business,f05_professional_services_and_migration_support,yes,yes,yes,same_grade,,,,
vodafone-business,f06_last_mile_circuit_management,yes,not_confirmed,unknown,legacy_without_field_source,,,,
vodafone-business,f07_lifecycle_management,partial,not_confirmed,partial,dated_sourced_difference,https://www.vodafone.com/news/newsroom/technology/vodafone-business-and-fortinet-expand-global-partnership-to-secure-hybrid-work,"Vodafone Business Secure Firewall with Fortinet delivers a comprehensive managed security service to setup, operate, run, manage and maintain customer firewalls in a highly secure manner. Graded partial, and the gap matters. What is documented is estate scale and ongoing maintenance: the datasheet claims 45,000 managed CPEs, includes Release Management and Vulnerability Management in the managed service list, and states Zero-touch provisioning reduces engineer time on site. Release and Vulnerability Management reasonably imply firmware upgrades and patching in service. What I could not evidence anywhere is the harder half of the definition: hardware replacement or RMA, renewals, and end-of-life planning. None of those terms appear in the datasheet or on any product page reviewed. A buyer should treat hardware refresh and EoL as an open contractual question rather than assume it is included.",2026-07-29,2026-12-30T00:00:00Z
vodafone-business,f08_flexible_commercial_model,yes,not_confirmed,unknown,legacy_without_field_source,,,,
vodafone-business,f09_encrypted_overlay_fabric,yes,partner_integrated,partner_integrated,legacy_without_field_source,,,,
vodafone-business,f10_dynamic_path_selection,yes,not_confirmed,unknown,legacy_without_field_source,,,,
vodafone-business,f11_active_active_link_utilisation,yes,not_confirmed,unknown,legacy_without_field_source,,,,
vodafone-business,f12_application_aware_routing,yes,not_confirmed,unknown,legacy_without_field_source,,,,
vodafone-business,f13_qos_and_traffic_shaping,yes,not_confirmed,unknown,legacy_without_field_source,,,,
vodafone-business,f14_packet_loss_remediation,yes,not_confirmed,unknown,legacy_without_field_source,,,,
vodafone-business,f15_local_internet_breakout,yes,not_confirmed,unknown,legacy_without_field_source,,,,
vodafone-business,f16_mpls_coexistence_and_migration,yes,yes,unknown,same_grade,,,,
vodafone-business,f17_cellular_and_5g_support,partial,not_confirmed,partial,dated_sourced_difference,https://d3bql97l1ytoxn.cloudfront.net/app_resources/401786/documentation/1435542_1720420681871_en-US.pdf,"Replace expensive private links with low-cost internet/5G Graded partial rather than yes because the evidence establishes only the transport half of the definition. The datasheet positions 5G as a substitute for private circuits and lists 4/5G among access options, so cellular as primary or failover transport is evidenced. I found no published detail on integrated versus external modems, SIM management, or signal monitoring. This is a case where prior knowledge would be tempting, since Vodafone is a mobile network operator and self-evidently manages SIMs at scale, but no page I fetched in this task documents SIM management as part of the SD-WAN service, so I have not graded it.",2026-07-29,2026-12-30T00:00:00Z
vodafone-business,f18_cloud_on_ramp,yes,not_confirmed,yes,legacy_without_field_source,https://vodafone.co.uk/business/sdn/secure-access-service-edge,"Native, confirmed directly - 'secure overlay connectivity between customer sites and extending to cloud service provider environments e.g. Microsoft Azure, Amazon Web Services' [2] None identified",2026-07-22T00:00:00.000Z,2026-12-30T00:00:00Z
vodafone-business,f19_public_cloud_gateways,partner_integrated,not_confirmed,partner_integrated,dated_sourced_difference,https://www.vodafone.co.uk/newscentre/press-release/zscaler-smes-cloud/,"Vodafone Business Secure Gateway Access is underpinned by the Zscaler Zero Trust Exchange™ Platform. This is the distinction the definition is built around, and it falls clearly on the partner side. The cloud enforcement points behind Vodafone Business Secure Access Gateway ZIA and ZPA are Zscaler's, and the 2025 Fortinet announcement adds FortiSASE, described by Fortinet as FortiSASE cloud-based security solutions. Both are another company's PoP estate that Vodafone resells and manages. Vodafone Cloud Connect was also checked and offers connectivity to AWS, Google Cloud, IBM, Microsoft Azure and Oracle, which the definition expressly excludes as evidence. No Vodafone-operated shared SASE gateway estate was found.",2026-07-29,2026-12-30T00:00:00Z
vodafone-business,f20_private_pops_dedicated_pops,unknown,not_confirmed,unknown,same_grade,,,,
vodafone-business,f21_private_global_backbone,yes,not_confirmed,yes,dated_sourced_difference,https://www.vodafone.co.uk/business/sdn/secure-access-service-edge,"Our range of access networks is available in 192 countries using our enhanced internet backbone, reducing the number of hops and providing resilience. Graded yes because the possessive is doing real work: our enhanced internet backbone is Vodafone-owned or controlled infrastructure, and the stated scope is global rather than national, which clears the bar the definition sets against single-country networks. The datasheet corroborates with We cover underlay, overlay, local access and wider services within the solution to 192 countries. Confidence is held at medium for two reasons. First, Vodafone describes it as an internet backbone rather than a private MPLS core in the current material, so the predictable latency and loss characteristic is asserted only indirectly through reducing the number of hops. Second, the 2014 release makes clear the reach is a mix of directly operated and partner networks, so not every one of the 192 countries rides Vodafone-owned fibre. Between regions on Vodafone's own core, the capability holds.",2026-07-29,2026-12-30T00:00:00Z
vodafone-business,f22_regional_breakout_and_data_residency,yes,not_confirmed,unknown,legacy_without_field_source,,,,
vodafone-business,f23_multi_cloud_transit_fabric,yes,not_confirmed,yes,legacy_without_field_source,https://vodafone.co.uk/business/sdn/secure-access-service-edge,"Native, confirmed directly - 'secure overlay connectivity between customer sites and extending to cloud service provider environments e.g. Microsoft Azure, Amazon Web Services' [2] None identified",2026-07-22T00:00:00.000Z,2026-12-30T00:00:00Z
vodafone-business,f24_flexible_edge_form_factors,yes,not_confirmed,unknown,legacy_without_field_source,,,,
vodafone-business,f25_high_availability_design,yes,not_confirmed,unknown,legacy_without_field_source,,,,
vodafone-business,f26_sla_backed_service_fabric,yes,not_confirmed,yes,dated_sourced_difference,https://d3bql97l1ytoxn.cloudfront.net/app_resources/401786/documentation/1435542_1720420681871_en-US.pdf,"Our managed and co-managed services are backed up by the broadest range of SLAs in line with our vision for an excellent customer experience Graded yes on the existence of contractual commitments, which is what this field measures, and it is distinct from the sla_availability_pct field where the published number is much weaker. The datasheet also states Bundle our underlay for E2E SLAs, which is a meaningful claim: because Vodafone supplies the access circuits as well as the overlay, it can commit end to end rather than only on the overlay. The 2025 Fortinet announcement independently confirms various service-level guarantees as a purchasable management option. Change handling is covered by Change Management in the managed service list. Latency, jitter and loss targets were not found published.",2026-07-29,2026-12-30T00:00:00Z
vodafone-business,f27_integrated_next_generation_firewall,partner_integrated,not_confirmed,partner_integrated,dated_sourced_difference,https://www.vodafone.com/news/newsroom/technology/vodafone-business-and-fortinet-expand-global-partnership-to-secure-hybrid-work,"Vodafone Business Secure Firewall with Fortinet delivers a comprehensive managed security service to setup, operate, run, manage and maintain customer firewalls in a highly secure manner. Fortinet technology, operated by Vodafone, so partner_integrated per the definition rather than yes. Fortinet's own release confirms the services integrate Fortinet's industry-leading software-defined wide area network (SD-WAN) and FortiSASE cloud-based security solutions. The datasheet's Inbuilt encryption and firewalls protects data and branches shows the firewall is integrated into the SD-WAN edge rather than sold as a separate appliance, which satisfies the integration half of the test, but the technology is not Vodafone's. I did not find a Vodafone page enumerating the individual NGFW functions (application control, IPS, malware inspection, URL filtering) by name, so that breakdown rests on the Fortinet product identification rather than on a Vodafone feature list.",2026-07-29,2026-12-30T00:00:00Z
vodafone-business,f28_full_sase_platform,yes,partial,partial,legacy_without_field_source,,,,
vodafone-business,f29_sse_ecosystem_integration,partner_integrated,not_confirmed,unknown,legacy_without_field_source,,,,
vodafone-business,f30_zero_trust_network_access,partner_integrated,not_confirmed,yes,legacy_without_field_source,https://vodafone.co.uk/business/sdn/secure-access-service-edge,"Native, confirmed directly - Zscaler is described specifically as delivering 'private application connectivity through a zero-trust architecture' [2] None identified",2026-07-22T00:00:00.000Z,2026-12-30T00:00:00Z
vodafone-business,f31_secure_web_gateway,partner_integrated,not_confirmed,yes,legacy_without_field_source,https://vodafone.co.uk/business/sdn/secure-access-service-edge,"Native, confirmed as part of the Zscaler-based SASE partnership [2] Capability specifics depend on which underlying platform (Zscaler or Fortinet) is proposed",2026-07-22T00:00:00.000Z,2026-12-30T00:00:00Z
vodafone-business,f32_casb_capability,partner_integrated,not_confirmed,unknown,legacy_without_field_source,,,,
vodafone-business,f33_data_loss_prevention,unknown,not_confirmed,unknown,same_grade,,,,
vodafone-business,f34_remote_user_access,partner_integrated,not_confirmed,unknown,legacy_without_field_source,,,,
vodafone-business,f35_soc_siem_soar_integration,partner_integrated,not_confirmed,unknown,legacy_without_field_source,,,,
vodafone-business,f36_centralised_orchestration,yes,not_confirmed,unknown,legacy_without_field_source,,,,
vodafone-business,f37_customer_portal_and_rbac,yes,not_confirmed,unknown,legacy_without_field_source,,,,
vodafone-business,f38_observability_and_digital_experience_monitoring,yes,not_confirmed,yes,legacy_without_field_source,https://vodafone.com/news/newsroom/technology/vodafone-business-and-fortinet-expand-global-partnership-to-secure-hybrid-work,"Native, confirmed directly - 'a single view across network health visibility, performance dashboards, and customisable reports' [5] A distinctly-branded DEM product name wasn't itemised",2026-07-22T00:00:00.000Z,2026-12-30T00:00:00Z
vodafone-business,f39_apis_and_automation,partial,not_confirmed,unknown,legacy_without_field_source,,,,
vodafone-business,f40_managed_service_assurance,yes,not_confirmed,yes,dated_sourced_difference,https://d3bql97l1ytoxn.cloudfront.net/app_resources/401786/documentation/1435542_1720420681871_en-US.pdf,"Our global service desk and regional operations centres run 24x7x365 The network operations half is well evidenced by the datasheet quote plus 24/7 Incidents Support and Proactive incidents in the managed service list. The security operations half is evidenced from the Tier 2 G-Cloud filing by VODAFONE LIMITED, whose support levels field reads 24 x7 x 365 Security Operations Centre, although note that filing covers Managed SOC and SIEM rather than SD-WAN. Incident ownership through to root cause is supported by Problem Management appearing as a distinct line item alongside incident handling, which is the ITIL construct for root cause work, and change governance by Change Management. Confidence is medium rather than high because the phrase root cause analysis does not itself appear on any page fetched, and structured service reviews are implied by Service Management in the list rather than described.",2026-07-29,2026-12-30T00:00:00Z
zscaler,f01_fully_managed_service,partial,not_confirmed,partial,dated_sourced_difference,https://www.zscaler.com/partners/service-providers,"We partner with service providers to develop comprehensive managed offers that leverage the Zero Trust Exchange, our industry-leading security platform, to enable profitable managed service provider business models. Zscaler operates the platform itself and sells one first-party managed service (Zscaler MDR, security operations). On its own partner page the comprehensive managed offer is built and delivered by service provider partners, not by Zscaler. No Zscaler page was found describing Zscaler itself designing, deploying, changing and reporting on a customer's end-to-end service, so graded partial rather than yes.",2026-07-29,2026-12-30T00:00:00Z
zscaler,f02_diy_self_managed_model,yes,yes,yes,same_grade,,,,
zscaler,f03_co_managed_service,partial,not_confirmed,unknown,dated_sourced_difference,,,,
zscaler,f04_multi_tenant_msp_white_label_support,partial,not_confirmed,partial,dated_sourced_difference,https://www.zscaler.com/blogs/product-insights/streamlining-multi-tenant-management-announcing-integration-multi-tenant,"The Multi-Tenant Portal has long been the cornerstone for Managed Service Providers (MSPs) and large-scale enterprises to oversee multiple Zscaler instances. Tenant isolation, cross-tenant pivoting and centralised delegated administration through ZIdentity are documented for MSPs. Nothing was found on Zscaler's own pages evidencing branded or white-label portals under the partner's own brand, and the definition requires that. The definitive partner portal documentation on help.zscaler.com could not be read because it is a JavaScript-only page (register 23). Graded partial for that reason.",2026-07-29,2026-12-30T00:00:00Z
zscaler,f05_professional_services_and_migration_support,yes,yes,yes,same_grade,,,,
zscaler,f06_last_mile_circuit_management,partner_integrated,not_confirmed,unknown,legacy_without_field_source,,,,
zscaler,f07_lifecycle_management,unknown,not_confirmed,unknown,same_grade,,,,
zscaler,f08_flexible_commercial_model,yes,not_confirmed,unknown,legacy_without_field_source,,,,
zscaler,f09_encrypted_overlay_fabric,partial,yes,yes,legacy_without_field_source,,,,
zscaler,f10_dynamic_path_selection,partial,not_confirmed,unknown,legacy_without_field_source,,,,
zscaler,f11_active_active_link_utilisation,partial,not_confirmed,unknown,legacy_without_field_source,,,,
zscaler,f12_application_aware_routing,partial,not_confirmed,unknown,legacy_without_field_source,,,,
zscaler,f13_qos_and_traffic_shaping,partial,not_confirmed,unknown,legacy_without_field_source,,,,
zscaler,f14_packet_loss_remediation,partial,not_confirmed,unknown,legacy_without_field_source,,,,
zscaler,f15_local_internet_breakout,partial,not_confirmed,unknown,legacy_without_field_source,,,,
zscaler,f16_mpls_coexistence_and_migration,partial,yes,unknown,legacy_without_field_source,,,,
zscaler,f17_cellular_and_5g_support,partial,not_confirmed,partial,dated_sourced_difference,https://www.zscaler.com/products-and-solutions/zscaler-cellular,"Devices use Zscaler SIMs to steer traffic securely to the Zero Trust Exchange with no need for additional software. Zscaler Cellular provides Zscaler-issued SIMs that carry cellular IoT and mobile device traffic into the Zero Trust Exchange, which covers SIM provisioning and management. The definition also asks for 4G and 5G as primary or failover WAN transport with modem and signal monitoring. Neither the Cellular product page nor the July 2025 cellular press release names 4G, 5G or LTE, the private 5G page concerns securing a customer's private 5G core rather than WAN transport, and the Zero Trust SD-WAN datasheet contains no cellular uplink specification. Graded partial on that gap.",2026-07-29,2026-12-30T00:00:00Z
zscaler,f18_cloud_on_ramp,yes,yes,yes,same_grade,,,,
zscaler,f19_public_cloud_gateways,yes,not_confirmed,yes,dated_sourced_difference,https://www.zscaler.com/press/zscaler-significantly-expands-global-sovereignty-zero-trust-exchange-platform,"Zscaler already operates 160+ data centers and is present in most countries. This is Zscaler's own infrastructure, not a resold third party's, so yes rather than partner_integrated. The reference architecture confirms Zscaler deploys its own ZIA Service Edge devices into those data centres and that users are always directed to the nearest one for traffic processing, which is security enforcement and SaaS access delivered as the vendor's own cloud service.",2026-07-29,2026-12-30T00:00:00Z
zscaler,f20_private_pops_dedicated_pops,yes,not_confirmed,yes,dated_sourced_difference,https://www.zscaler.com/resources/reference-architectures/traffic-forwarding-in-zscaler-internet-access.pdf,"ZIA Private Service Edge and ZIA Virtual Service Edge devices extend the Zscaler cloud into your data center. Directly meets the definition: customer-hosted and dedicated deployments exist alongside the shared multi-tenant Public Service Edges. The March 2026 sovereignty press release additionally describes Private Service Edges as single-tenant, customer-hosted, and Zscaler-managed appliances, plus dedicated control and logging planes in six countries, which covers the sovereign case.",2026-07-29,2026-12-30T00:00:00Z
zscaler,f21_private_global_backbone,not_primary,not_confirmed,not_primary,dated_sourced_difference,https://www.zscaler.com/resources/data-sheets/zscaler-internet-access.pdf,"Direct peering with major internet and SaaS providers and public cloud destinations ensures the fastest traffic path possible. No claim of a vendor-owned or vendor-controlled inter-region backbone was found on any Zscaler page read. The published architecture is peering-based: the reference architecture states many data centres are in internet exchange peering points with other cloud infrastructure and application providers, such as Microsoft, Amazon, and Google. The only global-WAN backbone material found was a 2023 blog describing the Teridion Liquid Network, which is a third party's infrastructure and is Tier 3 corroboration only (register 20), so it cannot support a grade. Graded not_primary rather than unknown because the vendor's own architecture documents describe an internet-and-peering model, but confidence is low since this is read off architecture description rather than an explicit vendor statement about backbone ownership.",2026-07-29,2026-12-30T00:00:00Z
zscaler,f22_regional_breakout_and_data_residency,yes,not_confirmed,unknown,legacy_without_field_source,,,,
zscaler,f23_multi_cloud_transit_fabric,yes,yes,yes,same_grade,,,,
zscaler,f24_flexible_edge_form_factors,partial,not_confirmed,unknown,legacy_without_field_source,,,,
zscaler,f25_high_availability_design,partial,not_confirmed,unknown,legacy_without_field_source,,,,
zscaler,f26_sla_backed_service_fabric,yes,not_confirmed,unknown,dated_sourced_difference,,,,
zscaler,f27_integrated_next_generation_firewall,yes,yes,yes,same_grade,,,,
zscaler,f28_full_sase_platform,yes,yes,yes,same_grade,,,,
zscaler,f29_sse_ecosystem_integration,yes,not_confirmed,unknown,legacy_without_field_source,,,,
zscaler,f30_zero_trust_network_access,yes,yes,yes,same_grade,,,,
zscaler,f31_secure_web_gateway,yes,yes,yes,same_grade,,,,
zscaler,f32_casb_capability,yes,not_confirmed,unknown,legacy_without_field_source,,,,
zscaler,f33_data_loss_prevention,yes,yes,yes,same_grade,,,,
zscaler,f34_remote_user_access,yes,yes,yes,same_grade,,,,
zscaler,f35_soc_siem_soar_integration,yes,yes,yes,same_grade,,,,
zscaler,f36_centralised_orchestration,yes,not_confirmed,unknown,legacy_without_field_source,,,,
zscaler,f37_customer_portal_and_rbac,yes,not_confirmed,unknown,legacy_without_field_source,,,,
zscaler,f38_observability_and_digital_experience_monitoring,yes,yes,yes,same_grade,,,,
zscaler,f39_apis_and_automation,yes,not_confirmed,unknown,legacy_without_field_source,,,,
zscaler,f40_managed_service_assurance,partial,not_confirmed,unknown,dated_sourced_difference,,,,
